operation	subject	subject_kind	expert_kind	series	size_bytes	repeats	cpu	compression_backend	input_sha256	suite_spec_path	suite_spec_sha256	build_mode	build_features	real_seconds_mean	real_seconds_stdev	real_seconds_median	real_seconds_min	real_seconds_max	user_seconds_mean	sys_seconds_mean	throughput_mib_s_mean	throughput_mib_s_median	rss_kib_mean	rss_kib_stdev	rss_kib_median	rss_kib_min	rss_kib_max	archive_bytes_mean	archive_bytes_median	archive_ratio_mean	archive_ratio_median	entropy_bpb_mean	entropy_bpb_median	verified_all
h	fac-ctw	expert	fac-ctw	h:fac-ctw	4096	2	11	-	652ed0541c8b9e2d8194c2a1cd20a3ea516efaa542082535c0ef57267e1ca49e	/home/theo/dev/infotheory/configs/bench/two.json	a2181cf7f6579787b6fad37008a3aa9a6ef88363dc47a0e225d765d7b1ed207b	native	cli	0.02	0	0.02	0.02	0.02	0.02	0	0.1953125	0.1953125	7480	22.627416998	7480	7464	7496					2.56549624542	2.56549624542	1
h	fac-ctw	expert	fac-ctw	h:fac-ctw	16384	2	11	-	f72f174851ed11ae77711d9c7d2df9e3c34666e09adadb61a1081ff54df0196f	/home/theo/dev/infotheory/configs/bench/two.json	a2181cf7f6579787b6fad37008a3aa9a6ef88363dc47a0e225d765d7b1ed207b	native	cli	0.1	0	0.1	0.1	0.1	0.1	0	0.15625	0.15625	12654	42.4264068712	12654	12624	12684					3.20340951209	3.20340951209	1
h	fac-ctw	expert	fac-ctw	h:fac-ctw	65536	2	11	-	05fc5f44993ef0557959db76bf47e45badb2dd9c69d93ce08911935b5e52bf40	/home/theo/dev/infotheory/configs/bench/two.json	a2181cf7f6579787b6fad37008a3aa9a6ef88363dc47a0e225d765d7b1ed207b	native	cli	0.48	0	0.48	0.48	0.48	0.47	0.005	0.130208333333	0.130208333333	22666	87.6812408671	22666	22604	22728					2.77213895634	2.77213895634	1
h	fac-ctw	expert	fac-ctw	h:fac-ctw	262144	2	11	-	0cdfd008d5327addbf5b118b4a8d616a8cc2971627727b10bfb20e97920881e7	/home/theo/dev/infotheory/configs/bench/two.json	a2181cf7f6579787b6fad37008a3aa9a6ef88363dc47a0e225d765d7b1ed207b	native	cli	2.32	0	2.32	2.32	2.32	2.295	0.015	0.10775862069	0.10775862069	48412	62.2253967444	48412	48368	48456					2.44096714152	2.44096714152	1
h	fac-ctw	expert	fac-ctw	h:fac-ctw	1048576	2	11	-	4fb5efa9f35df431737731bf3c8f38a467b69731940ff82a4ee0e218aae58834	/home/theo/dev/infotheory/configs/bench/two.json	a2181cf7f6579787b6fad37008a3aa9a6ef88363dc47a0e225d765d7b1ed207b	native	cli	11.715	0.0212132034356	11.715	11.7	11.73	11.665	0.04	0.0853607886856	0.0853607886856	115556	11.313708499	115556	115548	115564					2.30174274755	2.30174274755	1
h	fac-ctw	expert	fac-ctw	h:fac-ctw	2097152	2	11	-	9dd214e64458c0c36f75a6100aed1a90a7b76ff9dfbb85dc032dea17a1963f50	/home/theo/dev/infotheory/configs/bench/two.json	a2181cf7f6579787b6fad37008a3aa9a6ef88363dc47a0e225d765d7b1ed207b	native	cli	26.09	0.0141421356237	26.09	26.08	26.1	25.985	0.08	0.0766577345274	0.0766577345274	185610	59.3969696197	185610	185568	185652					2.27731545661	2.27731545661	1
h	fac-ctw	expert	fac-ctw	h:fac-ctw	4194304	2	11	-	5ba647fec2ba51b0383cbe7147e15a478d85613245b7131c41764dbdd5062f77	/home/theo/dev/infotheory/configs/bench/two.json	a2181cf7f6579787b6fad37008a3aa9a6ef88363dc47a0e225d765d7b1ed207b	native	cli	57.49	0	57.49	57.49	57.49	57.275	0.165	0.0695773177944	0.0695773177944	298342	155.563491861	298342	298232	298452					2.24674930722	2.24674930722	1
h	fac-ctw	expert	fac-ctw	h:fac-ctw	10000000	2	11	-	5985c81c39d927ae0e169625790ca4d9e7d1531270c8b09ad73176a375bb3d97	/home/theo/dev/infotheory/configs/bench/two.json	a2181cf7f6579787b6fad37008a3aa9a6ef88363dc47a0e225d765d7b1ed207b	native	cli	153.05	0.0989949493661	153.05	152.98	153.12	152.665	0.255	0.0623113045345	0.0623113045345	541052	107.48023074	541052	540976	541128					2.19747398481	2.19747398481	1
h	match	expert	match	h:match	4096	2	11	-	652ed0541c8b9e2d8194c2a1cd20a3ea516efaa542082535c0ef57267e1ca49e	/home/theo/dev/infotheory/configs/bench/two.json	a2181cf7f6579787b6fad37008a3aa9a6ef88363dc47a0e225d765d7b1ed207b	native	cli	0	0	0	0	0	0	0			6172	73.5391052434	6172	6120	6224					5.57734993252	5.57734993252	1
h	match	expert	match	h:match	16384	2	11	-	f72f174851ed11ae77711d9c7d2df9e3c34666e09adadb61a1081ff54df0196f	/home/theo/dev/infotheory/configs/bench/two.json	a2181cf7f6579787b6fad37008a3aa9a6ef88363dc47a0e225d765d7b1ed207b	native	cli	0	0	0	0	0	0	0			6332	5.65685424949	6332	6328	6336					6.58586286407	6.58586286407	1
h	match	expert	match	h:match	65536	2	11	-	05fc5f44993ef0557959db76bf47e45badb2dd9c69d93ce08911935b5e52bf40	/home/theo/dev/infotheory/configs/bench/two.json	a2181cf7f6579787b6fad37008a3aa9a6ef88363dc47a0e225d765d7b1ed207b	native	cli	0.01	0	0.01	0.01	0.01	0.01	0	6.25	6.25	7068	28.2842712475	7068	7048	7088					6.5588255305	6.5588255305	1
h	match	expert	match	h:match	262144	2	11	-	0cdfd008d5327addbf5b118b4a8d616a8cc2971627727b10bfb20e97920881e7	/home/theo/dev/infotheory/configs/bench/two.json	a2181cf7f6579787b6fad37008a3aa9a6ef88363dc47a0e225d765d7b1ed207b	native	cli	0.03	0	0.03	0.03	0.03	0.03	0	8.33333333333	8.33333333333	8456	113.13708499	8456	8376	8536					6.29225944669	6.29225944669	1
h	match	expert	match	h:match	1048576	2	11	-	4fb5efa9f35df431737731bf3c8f38a467b69731940ff82a4ee0e218aae58834	/home/theo/dev/infotheory/configs/bench/two.json	a2181cf7f6579787b6fad37008a3aa9a6ef88363dc47a0e225d765d7b1ed207b	native	cli	0.13	0	0.13	0.13	0.13	0.13	0	7.69230769231	7.69230769231	12042	206.475180106	12042	11896	12188					6.23692635511	6.23692635511	1
h	match	expert	match	h:match	2097152	2	11	-	9dd214e64458c0c36f75a6100aed1a90a7b76ff9dfbb85dc032dea17a1963f50	/home/theo/dev/infotheory/configs/bench/two.json	a2181cf7f6579787b6fad37008a3aa9a6ef88363dc47a0e225d765d7b1ed207b	native	cli	0.27	0	0.27	0.27	0.27	0.27	0	7.40740740741	7.40740740741	19854	48.0832611207	19854	19820	19888					6.2741772649	6.2741772649	1
h	match	expert	match	h:match	4194304	2	11	-	5ba647fec2ba51b0383cbe7147e15a478d85613245b7131c41764dbdd5062f77	/home/theo/dev/infotheory/configs/bench/two.json	a2181cf7f6579787b6fad37008a3aa9a6ef88363dc47a0e225d765d7b1ed207b	native	cli	0.555	0.0212132034356	0.555	0.54	0.57	0.55	0.005	7.21247563353	7.21247563353	21730	8.48528137424	21730	21724	21736					6.28038800899	6.28038800899	1
h	match	expert	match	h:match	10000000	2	11	-	5985c81c39d927ae0e169625790ca4d9e7d1531270c8b09ad73176a375bb3d97	/home/theo/dev/infotheory/configs/bench/two.json	a2181cf7f6579787b6fad37008a3aa9a6ef88363dc47a0e225d765d7b1ed207b	native	cli	1.335	0.00707106781187	1.335	1.33	1.34	1.315	0.01	7.14372804625	7.14372804625	40894	285.671139599	40894	40692	41096					6.28744436593	6.28744436593	1
h	neural_mixture	mixture	neural-mixture	h:neural_mixture	4096	2	11	-	652ed0541c8b9e2d8194c2a1cd20a3ea516efaa542082535c0ef57267e1ca49e	/home/theo/dev/infotheory/configs/bench/two.json	a2181cf7f6579787b6fad37008a3aa9a6ef88363dc47a0e225d765d7b1ed207b	native	cli	0.12	0.0141421356237	0.12	0.11	0.13	0.105	0	0.0327797202797	0.0327797202797	12662	144.249783362	12662	12560	12764					1.91857366907	1.91857366907	1
h	neural_mixture	mixture	neural-mixture	h:neural_mixture	16384	2	11	-	f72f174851ed11ae77711d9c7d2df9e3c34666e09adadb61a1081ff54df0196f	/home/theo/dev/infotheory/configs/bench/two.json	a2181cf7f6579787b6fad37008a3aa9a6ef88363dc47a0e225d765d7b1ed207b	native	cli	0.47	0	0.47	0.47	0.47	0.455	0.005	0.0332446808511	0.0332446808511	30956	164.048773235	30956	30840	31072					2.69245779825	2.69245779825	1
h	neural_mixture	mixture	neural-mixture	h:neural_mixture	65536	2	11	-	05fc5f44993ef0557959db76bf47e45badb2dd9c69d93ce08911935b5e52bf40	/home/theo/dev/infotheory/configs/bench/two.json	a2181cf7f6579787b6fad37008a3aa9a6ef88363dc47a0e225d765d7b1ed207b	native	cli	2.06	0	2.06	2.06	2.06	2.025	0.025	0.0303398058252	0.0303398058252	85348	84.8528137424	85348	85288	85408					2.35902117116	2.35902117116	1
h	neural_mixture	mixture	neural-mixture	h:neural_mixture	262144	2	11	-	0cdfd008d5327addbf5b118b4a8d616a8cc2971627727b10bfb20e97920881e7	/home/theo/dev/infotheory/configs/bench/two.json	a2181cf7f6579787b6fad37008a3aa9a6ef88363dc47a0e225d765d7b1ed207b	native	cli	8.92	0.0141421356237	8.92	8.91	8.93	8.83	0.08	0.0280269410542	0.0280269410542	251704	73.5391052434	251704	251652	251756					2.05795611601	2.05795611601	1
h	neural_mixture	mixture	neural-mixture	h:neural_mixture	1048576	2	11	-	4fb5efa9f35df431737731bf3c8f38a467b69731940ff82a4ee0e218aae58834	/home/theo/dev/infotheory/configs/bench/two.json	a2181cf7f6579787b6fad37008a3aa9a6ef88363dc47a0e225d765d7b1ed207b	native	cli	40.635	0.0777817459305	40.635	40.58	40.69	40.32	0.275	0.0246093720192	0.0246093720192	679942	36.7695526217	679942	679916	679968					1.93963669332	1.93963669332	1
h	neural_mixture	mixture	neural-mixture	h:neural_mixture	2097152	2	11	-	9dd214e64458c0c36f75a6100aed1a90a7b76ff9dfbb85dc032dea17a1963f50	/home/theo/dev/infotheory/configs/bench/two.json	a2181cf7f6579787b6fad37008a3aa9a6ef88363dc47a0e225d765d7b1ed207b	native	cli	86.46	0.0707106781187	86.46	86.41	86.51	85.925	0.45	0.0231320919369	0.0231320919369	1011668	73.5391052434	1011668	1011616	1011720					1.92069854644	1.92069854644	1
h	neural_mixture	mixture	neural-mixture	h:neural_mixture	4194304	2	11	-	5ba647fec2ba51b0383cbe7147e15a478d85613245b7131c41764dbdd5062f77	/home/theo/dev/infotheory/configs/bench/two.json	a2181cf7f6579787b6fad37008a3aa9a6ef88363dc47a0e225d765d7b1ed207b	native	cli	183.775	0.0636396103068	183.775	183.73	183.82	182.965	0.645	0.021765747462	0.021765747462	1394292	113.13708499	1394292	1394212	1394372					1.88509670528	1.88509670528	1
h	neural_mixture	mixture	neural-mixture	h:neural_mixture	10000000	2	11	-	5985c81c39d927ae0e169625790ca4d9e7d1531270c8b09ad73176a375bb3d97	/home/theo/dev/infotheory/configs/bench/two.json	a2181cf7f6579787b6fad37008a3aa9a6ef88363dc47a0e225d765d7b1ed207b	native	cli	472.355	1.22329473145	472.355	471.49	473.22	470.665	1.235	0.0201898469274	0.0201898469274	2510728	96.1665222414	2510728	2510660	2510796					1.81617547371	1.81617547371	1
h	ppmd	expert	ppmd	h:ppmd	4096	2	11	-	652ed0541c8b9e2d8194c2a1cd20a3ea516efaa542082535c0ef57267e1ca49e	/home/theo/dev/infotheory/configs/bench/two.json	a2181cf7f6579787b6fad37008a3aa9a6ef88363dc47a0e225d765d7b1ed207b	native	cli	0.005	0.00707106781187	0.005	0	0.01	0.005	0			7928	56.5685424949	7928	7888	7968					2.02916276221	2.02916276221	1
h	ppmd	expert	ppmd	h:ppmd	16384	2	11	-	f72f174851ed11ae77711d9c7d2df9e3c34666e09adadb61a1081ff54df0196f	/home/theo/dev/infotheory/configs/bench/two.json	a2181cf7f6579787b6fad37008a3aa9a6ef88363dc47a0e225d765d7b1ed207b	native	cli	0.02	0	0.02	0.02	0.02	0.02	0	0.78125	0.78125	15204	0	15204	15204	15204					3.05111741489	3.05111741489	1
h	ppmd	expert	ppmd	h:ppmd	65536	2	11	-	05fc5f44993ef0557959db76bf47e45badb2dd9c69d93ce08911935b5e52bf40	/home/theo/dev/infotheory/configs/bench/two.json	a2181cf7f6579787b6fad37008a3aa9a6ef88363dc47a0e225d765d7b1ed207b	native	cli	0.115	0.00707106781187	0.115	0.11	0.12	0.1	0.01	0.544507575758	0.544507575758	39230	14.1421356237	39230	39220	39240					2.82800309907	2.82800309907	1
h	ppmd	expert	ppmd	h:ppmd	262144	2	11	-	0cdfd008d5327addbf5b118b4a8d616a8cc2971627727b10bfb20e97920881e7	/home/theo/dev/infotheory/configs/bench/two.json	a2181cf7f6579787b6fad37008a3aa9a6ef88363dc47a0e225d765d7b1ed207b	native	cli	0.52	0	0.52	0.52	0.52	0.455	0.055	0.480769230769	0.480769230769	127062	82.0243866176	127062	127004	127120					2.54059561824	2.54059561824	1
h	ppmd	expert	ppmd	h:ppmd	1048576	2	11	-	4fb5efa9f35df431737731bf3c8f38a467b69731940ff82a4ee0e218aae58834	/home/theo/dev/infotheory/configs/bench/two.json	a2181cf7f6579787b6fad37008a3aa9a6ef88363dc47a0e225d765d7b1ed207b	native	cli	2.405	0.0353553390593	2.405	2.38	2.43	2.235	0.16	0.415845350486	0.415845350486	370418	59.3969696197	370418	370376	370460					2.48956475398	2.48956475398	1
h	ppmd	expert	ppmd	h:ppmd	2097152	2	11	-	9dd214e64458c0c36f75a6100aed1a90a7b76ff9dfbb85dc032dea17a1963f50	/home/theo/dev/infotheory/configs/bench/two.json	a2181cf7f6579787b6fad37008a3aa9a6ef88363dc47a0e225d765d7b1ed207b	native	cli	4.96	0	4.96	4.96	4.96	4.745	0.205	0.403225806452	0.403225806452	434228	0	434228	434228	434228					2.52508057302	2.52508057302	1
h	ppmd	expert	ppmd	h:ppmd	4194304	2	11	-	5ba647fec2ba51b0383cbe7147e15a478d85613245b7131c41764dbdd5062f77	/home/theo/dev/infotheory/configs/bench/two.json	a2181cf7f6579787b6fad37008a3aa9a6ef88363dc47a0e225d765d7b1ed207b	native	cli	10.06	0.0141421356237	10.06	10.05	10.07	9.83	0.21	0.397614707001	0.397614707001	436302	2.82842712475	436302	436300	436304					2.5353209835	2.5353209835	1
h	ppmd	expert	ppmd	h:ppmd	10000000	2	11	-	5985c81c39d927ae0e169625790ca4d9e7d1531270c8b09ad73176a375bb3d97	/home/theo/dev/infotheory/configs/bench/two.json	a2181cf7f6579787b6fad37008a3aa9a6ef88363dc47a0e225d765d7b1ed207b	native	cli	24.235	0.0212132034356	24.235	24.22	24.25	23.945	0.265	0.393511319062	0.393511319062	550912	50.9116882454	550912	550876	550948					2.52355814767	2.52355814767	1
h	rosa	expert	rosaplus	h:rosa	4096	2	11	-	652ed0541c8b9e2d8194c2a1cd20a3ea516efaa542082535c0ef57267e1ca49e	/home/theo/dev/infotheory/configs/bench/two.json	a2181cf7f6579787b6fad37008a3aa9a6ef88363dc47a0e225d765d7b1ed207b	native	cli	0.045	0.0212132034356	0.045	0.03	0.06	0.035	0.005	0.09765625	0.09765625	6510	53.7401153702	6510	6472	6548					2.11172124286	2.11172124286	1
h	rosa	expert	rosaplus	h:rosa	16384	2	11	-	f72f174851ed11ae77711d9c7d2df9e3c34666e09adadb61a1081ff54df0196f	/home/theo/dev/infotheory/configs/bench/two.json	a2181cf7f6579787b6fad37008a3aa9a6ef88363dc47a0e225d765d7b1ed207b	native	cli	0.13	0	0.13	0.13	0.13	0.12	0.005	0.120192307692	0.120192307692	8428	45.2548339959	8428	8396	8460					3.48630622986	3.48630622986	1
h	rosa	expert	rosaplus	h:rosa	65536	2	11	-	05fc5f44993ef0557959db76bf47e45badb2dd9c69d93ce08911935b5e52bf40	/home/theo/dev/infotheory/configs/bench/two.json	a2181cf7f6579787b6fad37008a3aa9a6ef88363dc47a0e225d765d7b1ed207b	native	cli	0.645	0.00707106781187	0.645	0.64	0.65	0.63	0.01	0.0969050480769	0.0969050480769	15676	62.2253967444	15676	15632	15720					3.19056696201	3.19056696201	1
h	rosa	expert	rosaplus	h:rosa	262144	2	11	-	0cdfd008d5327addbf5b118b4a8d616a8cc2971627727b10bfb20e97920881e7	/home/theo/dev/infotheory/configs/bench/two.json	a2181cf7f6579787b6fad37008a3aa9a6ef88363dc47a0e225d765d7b1ed207b	native	cli	3.595	0.0212132034356	3.595	3.58	3.61	3.495	0.085	0.0695422398985	0.0695422398985	44422	161.220346111	44422	44308	44536					2.90567254487	2.90567254487	1
h	rosa	expert	rosaplus	h:rosa	1048576	2	11	-	4fb5efa9f35df431737731bf3c8f38a467b69731940ff82a4ee0e218aae58834	/home/theo/dev/infotheory/configs/bench/two.json	a2181cf7f6579787b6fad37008a3aa9a6ef88363dc47a0e225d765d7b1ed207b	native	cli	19.715	0.0494974746831	19.715	19.68	19.75	19.295	0.4	0.0507229597612	0.0507229597612	194712	90.5096679919	194712	194648	194776					2.80123027825	2.80123027825	1
h	rosa	expert	rosaplus	h:rosa	2097152	2	11	-	9dd214e64458c0c36f75a6100aed1a90a7b76ff9dfbb85dc032dea17a1963f50	/home/theo/dev/infotheory/configs/bench/two.json	a2181cf7f6579787b6fad37008a3aa9a6ef88363dc47a0e225d765d7b1ed207b	native	cli	47.28	0.0282842712475	47.28	47.26	47.3	45.58	1.65	0.0423011920025	0.0423011920025	317342	14.1421356237	317342	317332	317352					2.70437138702	2.70437138702	1
h	rosa	expert	rosaplus	h:rosa	4194304	2	11	-	5ba647fec2ba51b0383cbe7147e15a478d85613245b7131c41764dbdd5062f77	/home/theo/dev/infotheory/configs/bench/two.json	a2181cf7f6579787b6fad37008a3aa9a6ef88363dc47a0e225d765d7b1ed207b	native	cli	113.56	0.0424264068712	113.56	113.53	113.59	108.845	4.58	0.0352236727647	0.0352236727647	626392	5.65685424949	626392	626388	626396					2.62099230176	2.62099230176	1
h	rosa	expert	rosaplus	h:rosa	10000000	2	11	-	5985c81c39d927ae0e169625790ca4d9e7d1531270c8b09ad73176a375bb3d97	/home/theo/dev/infotheory/configs/bench/two.json	a2181cf7f6579787b6fad37008a3aa9a6ef88363dc47a0e225d765d7b1ed207b	native	cli	335.93	0.311126983722	335.93	335.71	336.15	323.125	12.435	0.028389090746	0.028389090746	1422856	5.65685424949	1422856	1422852	1422860					2.48481897791	2.48481897791	1
h	rwkv7	expert	rwkv7	h:rwkv7	4096	2	11	-	652ed0541c8b9e2d8194c2a1cd20a3ea516efaa542082535c0ef57267e1ca49e	/home/theo/dev/infotheory/configs/bench/two.json	a2181cf7f6579787b6fad37008a3aa9a6ef88363dc47a0e225d765d7b1ed207b	native	cli	0.07	0.0282842712475	0.07	0.05	0.09	0.065	0	0.0607638888889	0.0607638888889	9076	169.705627485	9076	8956	9196					7.21701437947	7.21701437947	1
h	rwkv7	expert	rwkv7	h:rwkv7	16384	2	11	-	f72f174851ed11ae77711d9c7d2df9e3c34666e09adadb61a1081ff54df0196f	/home/theo/dev/infotheory/configs/bench/two.json	a2181cf7f6579787b6fad37008a3aa9a6ef88363dc47a0e225d765d7b1ed207b	native	cli	0.22	0.0282842712475	0.22	0.2	0.24	0.22	0	0.0716145833333	0.0716145833333	8960	45.2548339959	8960	8928	8992					5.85021072042	5.85021072042	1
h	rwkv7	expert	rwkv7	h:rwkv7	65536	2	11	-	05fc5f44993ef0557959db76bf47e45badb2dd9c69d93ce08911935b5e52bf40	/home/theo/dev/infotheory/configs/bench/two.json	a2181cf7f6579787b6fad37008a3aa9a6ef88363dc47a0e225d765d7b1ed207b	native	cli	0.82	0.0141421356237	0.82	0.81	0.83	0.815	0	0.0762308493232	0.0762308493232	8904	214.960461481	8904	8752	9056					4.31173851819	4.31173851819	1
h	rwkv7	expert	rwkv7	h:rwkv7	262144	2	11	-	0cdfd008d5327addbf5b118b4a8d616a8cc2971627727b10bfb20e97920881e7	/home/theo/dev/infotheory/configs/bench/two.json	a2181cf7f6579787b6fad37008a3aa9a6ef88363dc47a0e225d765d7b1ed207b	native	cli	3.265	0.0353553390593	3.265	3.24	3.29	3.26	0	0.0765741678862	0.0765741678862	9006	8.48528137424	9006	9000	9012					4.18065126521	4.18065126521	1
h	rwkv7	expert	rwkv7	h:rwkv7	1048576	2	11	-	4fb5efa9f35df431737731bf3c8f38a467b69731940ff82a4ee0e218aae58834	/home/theo/dev/infotheory/configs/bench/two.json	a2181cf7f6579787b6fad37008a3aa9a6ef88363dc47a0e225d765d7b1ed207b	native	cli	13.295	0.205060966544	13.295	13.15	13.44	13.285	0	0.0752251946406	0.0752251946406	9726	2.82842712475	9726	9724	9728					3.61829048151	3.61829048151	1
h	rwkv7	expert	rwkv7	h:rwkv7	2097152	2	11	-	9dd214e64458c0c36f75a6100aed1a90a7b76ff9dfbb85dc032dea17a1963f50	/home/theo/dev/infotheory/configs/bench/two.json	a2181cf7f6579787b6fad37008a3aa9a6ef88363dc47a0e225d765d7b1ed207b	native	cli	26.94	0.169705627485	26.94	26.82	27.06	26.93	0	0.0742405227591	0.0742405227591	10798	161.220346111	10798	10684	10912					3.49833649966	3.49833649966	1
h	rwkv7	expert	rwkv7	h:rwkv7	4194304	2	11	-	5ba647fec2ba51b0383cbe7147e15a478d85613245b7131c41764dbdd5062f77	/home/theo/dev/infotheory/configs/bench/two.json	a2181cf7f6579787b6fad37008a3aa9a6ef88363dc47a0e225d765d7b1ed207b	native	cli	54.115	0.176776695297	54.115	53.99	54.24	54.075	0	0.0739170533601	0.0739170533601	12724	197.989898732	12724	12584	12864					3.33570098711	3.33570098711	1
h	rwkv7	expert	rwkv7	h:rwkv7	10000000	2	11	-	5985c81c39d927ae0e169625790ca4d9e7d1531270c8b09ad73176a375bb3d97	/home/theo/dev/infotheory/configs/bench/two.json	a2181cf7f6579787b6fad37008a3aa9a6ef88363dc47a0e225d765d7b1ed207b	native	cli	131.685	0.968736290226	131.685	131	132.37	131.605	0	0.0724228364952	0.0724228364952	18312	226.27416998	18312	18152	18472					3.17490278117	3.17490278117	1
compress	fac-ctw	expert	fac-ctw	compress:fac-ctw	4096	2	11	rate-ac	652ed0541c8b9e2d8194c2a1cd20a3ea516efaa542082535c0ef57267e1ca49e	/home/theo/dev/infotheory/configs/bench/two.json	a2181cf7f6579787b6fad37008a3aa9a6ef88363dc47a0e225d765d7b1ed207b	native	cli	0.04	0	0.04	0.04	0.04	0.04	0	0.09765625	0.09765625	7478	149.906637612	7478	7372	7584	1332	1332	0.3251953125	0.3251953125			1
compress	fac-ctw	expert	fac-ctw	compress:fac-ctw	16384	2	11	rate-ac	f72f174851ed11ae77711d9c7d2df9e3c34666e09adadb61a1081ff54df0196f	/home/theo/dev/infotheory/configs/bench/two.json	a2181cf7f6579787b6fad37008a3aa9a6ef88363dc47a0e225d765d7b1ed207b	native	cli	0.18	0	0.18	0.18	0.18	0.175	0	0.0868055555556	0.0868055555556	12666	149.906637612	12666	12560	12772	6579	6579	0.401550292969	0.401550292969			1
compress	fac-ctw	expert	fac-ctw	compress:fac-ctw	65536	2	11	rate-ac	05fc5f44993ef0557959db76bf47e45badb2dd9c69d93ce08911935b5e52bf40	/home/theo/dev/infotheory/configs/bench/two.json	a2181cf7f6579787b6fad37008a3aa9a6ef88363dc47a0e225d765d7b1ed207b	native	cli	0.8	0	0.8	0.8	0.8	0.79	0.005	0.078125	0.078125	22798	76.3675323681	22798	22744	22852	22728	22728	0.346801757812	0.346801757812			1
compress	fac-ctw	expert	fac-ctw	compress:fac-ctw	262144	2	11	rate-ac	0cdfd008d5327addbf5b118b4a8d616a8cc2971627727b10bfb20e97920881e7	/home/theo/dev/infotheory/configs/bench/two.json	a2181cf7f6579787b6fad37008a3aa9a6ef88363dc47a0e225d765d7b1ed207b	native	cli	3.49	0	3.49	3.49	3.49	3.475	0.005	0.0716332378223	0.0716332378223	48410	70.7106781187	48410	48360	48460	80004	80004	0.305191040039	0.305191040039			1
compress	fac-ctw	expert	fac-ctw	compress:fac-ctw	1048576	2	11	rate-ac	4fb5efa9f35df431737731bf3c8f38a467b69731940ff82a4ee0e218aae58834	/home/theo/dev/infotheory/configs/bench/two.json	a2181cf7f6579787b6fad37008a3aa9a6ef88363dc47a0e225d765d7b1ed207b	native	cli	15.735	0.0494974746831	15.735	15.7	15.77	15.67	0.055	0.0635529042082	0.0635529042082	116290	42.4264068712	116290	116260	116320	301713	301713	0.287735939026	0.287735939026			1
compress	fac-ctw	expert	fac-ctw	compress:fac-ctw	2097152	2	11	rate-ac	9dd214e64458c0c36f75a6100aed1a90a7b76ff9dfbb85dc032dea17a1963f50	/home/theo/dev/infotheory/configs/bench/two.json	a2181cf7f6579787b6fad37008a3aa9a6ef88363dc47a0e225d765d7b1ed207b	native	cli	33.235	0.00707106781187	33.235	33.23	33.24	33.11	0.09	0.0601775250569	0.0601775250569	186648	192.333044483	186648	186512	186784	597003	597003	0.284673213959	0.284673213959			1
compress	fac-ctw	expert	fac-ctw	compress:fac-ctw	4194304	2	11	rate-ac	5ba647fec2ba51b0383cbe7147e15a478d85613245b7131c41764dbdd5062f77	/home/theo/dev/infotheory/configs/bench/two.json	a2181cf7f6579787b6fad37008a3aa9a6ef88363dc47a0e225d765d7b1ed207b	native	cli	70.37	0.0565685424949	70.37	70.33	70.41	70.165	0.14	0.0568424227998	0.0568424227998	300640	181.019335984	300640	300512	300768	1177962	1177962	0.280848026276	0.280848026276			1
compress	fac-ctw	expert	fac-ctw	compress:fac-ctw	10000000	2	11	rate-ac	5985c81c39d927ae0e169625790ca4d9e7d1531270c8b09ad73176a375bb3d97	/home/theo/dev/infotheory/configs/bench/two.json	a2181cf7f6579787b6fad37008a3aa9a6ef88363dc47a0e225d765d7b1ed207b	native	cli	178.5	0.480832611207	178.5	178.16	178.84	178.045	0.3	0.0534273264124	0.0534273264124	546340	16.9705627485	546340	546328	546352	2746861	2746861	0.2746861	0.2746861			1
compress	match	expert	match	compress:match	4096	2	11	rate-ac	652ed0541c8b9e2d8194c2a1cd20a3ea516efaa542082535c0ef57267e1ca49e	/home/theo/dev/infotheory/configs/bench/two.json	a2181cf7f6579787b6fad37008a3aa9a6ef88363dc47a0e225d765d7b1ed207b	native	cli	0	0	0	0	0	0	0			5868	0	5868	5868	5868	2874	2874	0.70166015625	0.70166015625			1
compress	match	expert	match	compress:match	16384	2	11	rate-ac	f72f174851ed11ae77711d9c7d2df9e3c34666e09adadb61a1081ff54df0196f	/home/theo/dev/infotheory/configs/bench/two.json	a2181cf7f6579787b6fad37008a3aa9a6ef88363dc47a0e225d765d7b1ed207b	native	cli	0.015	0.00707106781187	0.015	0.01	0.02	0.015	0	1.171875	1.171875	5888	226.27416998	5888	5728	6048	13506	13506	0.824340820312	0.824340820312			1
compress	match	expert	match	compress:match	65536	2	11	rate-ac	05fc5f44993ef0557959db76bf47e45badb2dd9c69d93ce08911935b5e52bf40	/home/theo/dev/infotheory/configs/bench/two.json	a2181cf7f6579787b6fad37008a3aa9a6ef88363dc47a0e225d765d7b1ed207b	native	cli	0.03	0	0.03	0.03	0.03	0.03	0	2.08333333333	2.08333333333	6716	5.65685424949	6716	6712	6720	53748	53748	0.820129394531	0.820129394531			1
compress	match	expert	match	compress:match	262144	2	11	rate-ac	0cdfd008d5327addbf5b118b4a8d616a8cc2971627727b10bfb20e97920881e7	/home/theo/dev/infotheory/configs/bench/two.json	a2181cf7f6579787b6fad37008a3aa9a6ef88363dc47a0e225d765d7b1ed207b	native	cli	0.13	0	0.13	0.13	0.13	0.13	0	1.92307692308	1.92307692308	8678	172.53405461	8678	8556	8800	206203	206203	0.786602020264	0.786602020264			1
compress	match	expert	match	compress:match	1048576	2	11	rate-ac	4fb5efa9f35df431737731bf3c8f38a467b69731940ff82a4ee0e218aae58834	/home/theo/dev/infotheory/configs/bench/two.json	a2181cf7f6579787b6fad37008a3aa9a6ef88363dc47a0e225d765d7b1ed207b	native	cli	0.525	0.00707106781187	0.525	0.52	0.53	0.52	0	1.90493468795	1.90493468795	12660	33.941125497	12660	12636	12684	817505	817505	0.779633522034	0.779633522034			1
compress	match	expert	match	compress:match	2097152	2	11	rate-ac	9dd214e64458c0c36f75a6100aed1a90a7b76ff9dfbb85dc032dea17a1963f50	/home/theo/dev/infotheory/configs/bench/two.json	a2181cf7f6579787b6fad37008a3aa9a6ef88363dc47a0e225d765d7b1ed207b	native	cli	1.06	0	1.06	1.06	1.06	1.05	0.005	1.88679245283	1.88679245283	22490	195.161471607	22490	22352	22628	1644756	1644756	0.784280776978	0.784280776978			1
compress	match	expert	match	compress:match	4194304	2	11	rate-ac	5ba647fec2ba51b0383cbe7147e15a478d85613245b7131c41764dbdd5062f77	/home/theo/dev/infotheory/configs/bench/two.json	a2181cf7f6579787b6fad37008a3aa9a6ef88363dc47a0e225d765d7b1ed207b	native	cli	2.135	0.0212132034356	2.135	2.12	2.15	2.125	0.005	1.87362878455	1.87362878455	29486	98.9949493661	29486	29416	29556	3292751	3292751	0.785053014755	0.785053014755			1
compress	match	expert	match	compress:match	10000000	2	11	rate-ac	5985c81c39d927ae0e169625790ca4d9e7d1531270c8b09ad73176a375bb3d97	/home/theo/dev/infotheory/configs/bench/two.json	a2181cf7f6579787b6fad37008a3aa9a6ef88363dc47a0e225d765d7b1ed207b	native	cli	5.1	0.0282842712475	5.1	5.08	5.12	5.075	0.015	1.86997839785	1.86997839785	55878	25.4558441227	55878	55860	55896	7859324	7859324	0.7859324	0.7859324			1
compress	neural_mixture	mixture	neural-mixture	compress:neural_mixture	4096	2	11	rate-ac	652ed0541c8b9e2d8194c2a1cd20a3ea516efaa542082535c0ef57267e1ca49e	/home/theo/dev/infotheory/configs/bench/two.json	a2181cf7f6579787b6fad37008a3aa9a6ef88363dc47a0e225d765d7b1ed207b	native	cli	0.12	0	0.12	0.12	0.12	0.12	0	0.0325520833333	0.0325520833333	12636	5.65685424949	12636	12632	12640	1001	1001	0.244384765625	0.244384765625			1
compress	neural_mixture	mixture	neural-mixture	compress:neural_mixture	16384	2	11	rate-ac	f72f174851ed11ae77711d9c7d2df9e3c34666e09adadb61a1081ff54df0196f	/home/theo/dev/infotheory/configs/bench/two.json	a2181cf7f6579787b6fad37008a3aa9a6ef88363dc47a0e225d765d7b1ed207b	native	cli	0.515	0.00707106781187	0.515	0.51	0.52	0.505	0.005	0.0303426659125	0.0303426659125	30636	73.5391052434	30636	30584	30688	5533	5533	0.337707519531	0.337707519531			1
compress	neural_mixture	mixture	neural-mixture	compress:neural_mixture	65536	2	11	rate-ac	05fc5f44993ef0557959db76bf47e45badb2dd9c69d93ce08911935b5e52bf40	/home/theo/dev/infotheory/configs/bench/two.json	a2181cf7f6579787b6fad37008a3aa9a6ef88363dc47a0e225d765d7b1ed207b	native	cli	2.255	0.00707106781187	2.255	2.25	2.26	2.23	0.02	0.0277163225172	0.0277163225172	87698	36.7695526217	87698	87672	87724	19344	19344	0.295166015625	0.295166015625			1
compress	neural_mixture	mixture	neural-mixture	compress:neural_mixture	262144	2	11	rate-ac	0cdfd008d5327addbf5b118b4a8d616a8cc2971627727b10bfb20e97920881e7	/home/theo/dev/infotheory/configs/bench/two.json	a2181cf7f6579787b6fad37008a3aa9a6ef88363dc47a0e225d765d7b1ed207b	native	cli	9.84	0.0424264068712	9.84	9.81	9.87	9.76	0.06	0.0254067402223	0.0254067402223	246824	39.5979797464	246824	246796	246852	67454	67454	0.257316589355	0.257316589355			1
compress	neural_mixture	mixture	neural-mixture	compress:neural_mixture	1048576	2	11	rate-ac	4fb5efa9f35df431737731bf3c8f38a467b69731940ff82a4ee0e218aae58834	/home/theo/dev/infotheory/configs/bench/two.json	a2181cf7f6579787b6fad37008a3aa9a6ef88363dc47a0e225d765d7b1ed207b	native	cli	44.685	0.0353553390593	44.685	44.66	44.71	44.345	0.29	0.0223788813474	0.0223788813474	692756	192.333044483	692756	692620	692892	254251	254251	0.242472648621	0.242472648621			1
compress	neural_mixture	mixture	neural-mixture	compress:neural_mixture	2097152	2	11	rate-ac	9dd214e64458c0c36f75a6100aed1a90a7b76ff9dfbb85dc032dea17a1963f50	/home/theo/dev/infotheory/configs/bench/two.json	a2181cf7f6579787b6fad37008a3aa9a6ef88363dc47a0e225d765d7b1ed207b	native	cli	95.705	0.0636396103068	95.705	95.66	95.75	95.115	0.495	0.0208975543824	0.0208975543824	1017046	132.936074863	1017046	1016952	1017140	503520	503520	0.240097045898	0.240097045898			1
compress	neural_mixture	mixture	neural-mixture	compress:neural_mixture	4194304	2	11	rate-ac	5ba647fec2ba51b0383cbe7147e15a478d85613245b7131c41764dbdd5062f77	/home/theo/dev/infotheory/configs/bench/two.json	a2181cf7f6579787b6fad37008a3aa9a6ef88363dc47a0e225d765d7b1ed207b	native	cli	204.9	0.183847763108	204.9	204.77	205.03	204.05	0.65	0.0195217257693	0.0195217257693	1407042	14.1421356237	1407042	1407032	1407052	988355	988355	0.235642194748	0.235642194748			1
compress	neural_mixture	mixture	neural-mixture	compress:neural_mixture	10000000	2	11	rate-ac	5985c81c39d927ae0e169625790ca4d9e7d1531270c8b09ad73176a375bb3d97	/home/theo/dev/infotheory/configs/bench/two.json	a2181cf7f6579787b6fad37008a3aa9a6ef88363dc47a0e225d765d7b1ed207b	native	cli	532.48	1.00409162928	532.48	531.77	533.19	530.715	1.22	0.0179100813544	0.0179100813544	2487504	5.65685424949	2487504	2487500	2487508	2270248	2270248	0.2270248	0.2270248			1
compress	ppmd	expert	ppmd	compress:ppmd	4096	2	11	rate-ac	652ed0541c8b9e2d8194c2a1cd20a3ea516efaa542082535c0ef57267e1ca49e	/home/theo/dev/infotheory/configs/bench/two.json	a2181cf7f6579787b6fad37008a3aa9a6ef88363dc47a0e225d765d7b1ed207b	native	cli	0.015	0.00707106781187	0.015	0.01	0.02	0.01	0	0.29296875	0.29296875	7594	53.7401153702	7594	7556	7632	1058	1058	0.25830078125	0.25830078125			1
compress	ppmd	expert	ppmd	compress:ppmd	16384	2	11	rate-ac	f72f174851ed11ae77711d9c7d2df9e3c34666e09adadb61a1081ff54df0196f	/home/theo/dev/infotheory/configs/bench/two.json	a2181cf7f6579787b6fad37008a3aa9a6ef88363dc47a0e225d765d7b1ed207b	native	cli	0.03	0	0.03	0.03	0.03	0.025	0	0.520833333333	0.520833333333	15518	48.0832611207	15518	15484	15552	6267	6267	0.382507324219	0.382507324219			1
compress	ppmd	expert	ppmd	compress:ppmd	65536	2	11	rate-ac	05fc5f44993ef0557959db76bf47e45badb2dd9c69d93ce08911935b5e52bf40	/home/theo/dev/infotheory/configs/bench/two.json	a2181cf7f6579787b6fad37008a3aa9a6ef88363dc47a0e225d765d7b1ed207b	native	cli	0.14	0	0.14	0.14	0.14	0.13	0.01	0.446428571429	0.446428571429	39558	48.0832611207	39558	39524	39592	23186	23186	0.353790283203	0.353790283203			1
compress	ppmd	expert	ppmd	compress:ppmd	262144	2	11	rate-ac	0cdfd008d5327addbf5b118b4a8d616a8cc2971627727b10bfb20e97920881e7	/home/theo/dev/infotheory/configs/bench/two.json	a2181cf7f6579787b6fad37008a3aa9a6ef88363dc47a0e225d765d7b1ed207b	native	cli	0.625	0.00707106781187	0.625	0.62	0.63	0.545	0.08	0.400025601639	0.400025601639	127330	48.0832611207	127330	127296	127364	83269	83269	0.317646026611	0.317646026611			1
compress	ppmd	expert	ppmd	compress:ppmd	1048576	2	11	rate-ac	4fb5efa9f35df431737731bf3c8f38a467b69731940ff82a4ee0e218aae58834	/home/theo/dev/infotheory/configs/bench/two.json	a2181cf7f6579787b6fad37008a3aa9a6ef88363dc47a0e225d765d7b1ed207b	native	cli	2.745	0.00707106781187	2.745	2.74	2.75	2.575	0.165	0.364299933643	0.364299933643	370730	161.220346111	370730	370616	370844	326331	326331	0.311213493347	0.311213493347			1
compress	ppmd	expert	ppmd	compress:ppmd	2097152	2	11	rate-ac	9dd214e64458c0c36f75a6100aed1a90a7b76ff9dfbb85dc032dea17a1963f50	/home/theo/dev/infotheory/configs/bench/two.json	a2181cf7f6579787b6fad37008a3aa9a6ef88363dc47a0e225d765d7b1ed207b	native	cli	5.735	0.0494974746831	5.735	5.7	5.77	5.535	0.185	0.348748821795	0.348748821795	434424	50.9116882454	434424	434388	434460	661953	661953	0.315643787384	0.315643787384			1
compress	ppmd	expert	ppmd	compress:ppmd	4194304	2	11	rate-ac	5ba647fec2ba51b0383cbe7147e15a478d85613245b7131c41764dbdd5062f77	/home/theo/dev/infotheory/configs/bench/two.json	a2181cf7f6579787b6fad37008a3aa9a6ef88363dc47a0e225d765d7b1ed207b	native	cli	11.54	0.0707106781187	11.54	11.49	11.59	11.315	0.215	0.346626957755	0.346626957755	436550	330.925973595	436550	436316	436784	1329257	1329257	0.316919565201	0.316919565201			1
compress	ppmd	expert	ppmd	compress:ppmd	10000000	2	11	rate-ac	5985c81c39d927ae0e169625790ca4d9e7d1531270c8b09ad73176a375bb3d97	/home/theo/dev/infotheory/configs/bench/two.json	a2181cf7f6579787b6fad37008a3aa9a6ef88363dc47a0e225d765d7b1ed207b	native	cli	27.85	0.282842712475	27.85	27.65	28.05	27.565	0.265	0.342450090247	0.342450090247	551034	42.4264068712	551034	551004	551064	3154465	3154465	0.3154465	0.3154465			1
compress	rosa	expert	rosaplus	compress:rosa	4096	2	11	rate-ac	652ed0541c8b9e2d8194c2a1cd20a3ea516efaa542082535c0ef57267e1ca49e	/home/theo/dev/infotheory/configs/bench/two.json	a2181cf7f6579787b6fad37008a3aa9a6ef88363dc47a0e225d765d7b1ed207b	native	cli	0	0	0	0	0	0	0			6196	118.793939239	6196	6112	6280	1127	1127	0.275146484375	0.275146484375			1
compress	rosa	expert	rosaplus	compress:rosa	16384	2	11	rate-ac	f72f174851ed11ae77711d9c7d2df9e3c34666e09adadb61a1081ff54df0196f	/home/theo/dev/infotheory/configs/bench/two.json	a2181cf7f6579787b6fad37008a3aa9a6ef88363dc47a0e225d765d7b1ed207b	native	cli	0.02	0	0.02	0.02	0.02	0.02	0	0.78125	0.78125	7964	84.8528137424	7964	7904	8024	6359	6359	0.388122558594	0.388122558594			1
compress	rosa	expert	rosaplus	compress:rosa	65536	2	11	rate-ac	05fc5f44993ef0557959db76bf47e45badb2dd9c69d93ce08911935b5e52bf40	/home/theo/dev/infotheory/configs/bench/two.json	a2181cf7f6579787b6fad37008a3aa9a6ef88363dc47a0e225d765d7b1ed207b	native	cli	0.12	0	0.12	0.12	0.12	0.12	0	0.520833333333	0.520833333333	16240	141.421356237	16240	16140	16340	22843	22843	0.348556518555	0.348556518555			1
compress	rosa	expert	rosaplus	compress:rosa	262144	2	11	rate-ac	0cdfd008d5327addbf5b118b4a8d616a8cc2971627727b10bfb20e97920881e7	/home/theo/dev/infotheory/configs/bench/two.json	a2181cf7f6579787b6fad37008a3aa9a6ef88363dc47a0e225d765d7b1ed207b	native	cli	0.7	0	0.7	0.7	0.7	0.675	0.01	0.357142857143	0.357142857143	46418	14.1421356237	46418	46408	46428	80590	80590	0.307426452637	0.307426452637			1
compress	rosa	expert	rosaplus	compress:rosa	1048576	2	11	rate-ac	4fb5efa9f35df431737731bf3c8f38a467b69731940ff82a4ee0e218aae58834	/home/theo/dev/infotheory/configs/bench/two.json	a2181cf7f6579787b6fad37008a3aa9a6ef88363dc47a0e225d765d7b1ed207b	native	cli	3.855	0.0212132034356	3.855	3.84	3.87	3.805	0.04	0.259407299742	0.259407299742	146028	209.303607231	146028	145880	146176	306522	306522	0.292322158813	0.292322158813			1
compress	rosa	expert	rosaplus	compress:rosa	2097152	2	11	rate-ac	9dd214e64458c0c36f75a6100aed1a90a7b76ff9dfbb85dc032dea17a1963f50	/home/theo/dev/infotheory/configs/bench/two.json	a2181cf7f6579787b6fad37008a3aa9a6ef88363dc47a0e225d765d7b1ed207b	native	cli	9.3	0.0141421356237	9.3	9.29	9.31	9.165	0.12	0.215054012087	0.215054012087	281614	25.4558441227	281614	281596	281632	608681	608681	0.290241718292	0.290241718292			1
compress	rosa	expert	rosaplus	compress:rosa	4194304	2	11	rate-ac	5ba647fec2ba51b0383cbe7147e15a478d85613245b7131c41764dbdd5062f77	/home/theo/dev/infotheory/configs/bench/two.json	a2181cf7f6579787b6fad37008a3aa9a6ef88363dc47a0e225d765d7b1ed207b	native	cli	23.3	0.197989898732	23.3	23.16	23.44	23.045	0.235	0.17168001792	0.17168001792	538264	135.764501988	538264	538168	538360	1199345	1199345	0.285946130753	0.285946130753			1
compress	rosa	expert	rosaplus	compress:rosa	10000000	2	11	rate-ac	5985c81c39d927ae0e169625790ca4d9e7d1531270c8b09ad73176a375bb3d97	/home/theo/dev/infotheory/configs/bench/two.json	a2181cf7f6579787b6fad37008a3aa9a6ef88363dc47a0e225d765d7b1ed207b	native	cli	74.04	0.296984848098	74.04	73.83	74.25	73.42	0.55	0.128806319344	0.128806319344	1263604	62.2253967444	1263604	1263560	1263648	2752778	2752778	0.2752778	0.2752778			1
compress	rwkv7	expert	rwkv7	compress:rwkv7	4096	2	11	rate-ac	652ed0541c8b9e2d8194c2a1cd20a3ea516efaa542082535c0ef57267e1ca49e	/home/theo/dev/infotheory/configs/bench/two.json	a2181cf7f6579787b6fad37008a3aa9a6ef88363dc47a0e225d765d7b1ed207b	native	cli	0.05	0	0.05	0.05	0.05	0.05	0	0.078125	0.078125	8454	36.7695526217	8454	8428	8480	3714	3714	0.90673828125	0.90673828125			1
compress	rwkv7	expert	rwkv7	compress:rwkv7	16384	2	11	rate-ac	f72f174851ed11ae77711d9c7d2df9e3c34666e09adadb61a1081ff54df0196f	/home/theo/dev/infotheory/configs/bench/two.json	a2181cf7f6579787b6fad37008a3aa9a6ef88363dc47a0e225d765d7b1ed207b	native	cli	0.21	0	0.21	0.21	0.21	0.21	0	0.0744047619048	0.0744047619048	8334	132.936074863	8334	8240	8428	12000	12000	0.732421875	0.732421875			1
compress	rwkv7	expert	rwkv7	compress:rwkv7	65536	2	11	rate-ac	05fc5f44993ef0557959db76bf47e45badb2dd9c69d93ce08911935b5e52bf40	/home/theo/dev/infotheory/configs/bench/two.json	a2181cf7f6579787b6fad37008a3aa9a6ef88363dc47a0e225d765d7b1ed207b	native	cli	0.83	0	0.83	0.83	0.83	0.83	0	0.0753012048193	0.0753012048193	8396	96.1665222414	8396	8328	8464	35340	35340	0.539245605469	0.539245605469			1
compress	rwkv7	expert	rwkv7	compress:rwkv7	262144	2	11	rate-ac	0cdfd008d5327addbf5b118b4a8d616a8cc2971627727b10bfb20e97920881e7	/home/theo/dev/infotheory/configs/bench/two.json	a2181cf7f6579787b6fad37008a3aa9a6ef88363dc47a0e225d765d7b1ed207b	native	cli	3.34	0.0424264068712	3.34	3.31	3.37	3.335	0	0.0748563385837	0.0748563385837	8442	144.249783362	8442	8340	8544	137010	137010	0.522651672363	0.522651672363			1
compress	rwkv7	expert	rwkv7	compress:rwkv7	1048576	2	11	rate-ac	4fb5efa9f35df431737731bf3c8f38a467b69731940ff82a4ee0e218aae58834	/home/theo/dev/infotheory/configs/bench/two.json	a2181cf7f6579787b6fad37008a3aa9a6ef88363dc47a0e225d765d7b1ed207b	native	cli	13.515	0.176776695297	13.515	13.39	13.64	13.505	0	0.0739981909728	0.0739981909728	9988	11.313708499	9988	9980	9996	474275	474275	0.452303886414	0.452303886414			1
compress	rwkv7	expert	rwkv7	compress:rwkv7	2097152	2	11	rate-ac	9dd214e64458c0c36f75a6100aed1a90a7b76ff9dfbb85dc032dea17a1963f50	/home/theo/dev/infotheory/configs/bench/two.json	a2181cf7f6579787b6fad37008a3aa9a6ef88363dc47a0e225d765d7b1ed207b	native	cli	27.635	0.0353553390593	27.635	27.61	27.66	27.615	0	0.0723720512677	0.0723720512677	11934	172.53405461	11934	11812	12056	917086	917086	0.437300682068	0.437300682068			1
compress	rwkv7	expert	rwkv7	compress:rwkv7	4194304	2	11	rate-ac	5ba647fec2ba51b0383cbe7147e15a478d85613245b7131c41764dbdd5062f77	/home/theo/dev/infotheory/configs/bench/two.json	a2181cf7f6579787b6fad37008a3aa9a6ef88363dc47a0e225d765d7b1ed207b	native	cli	55.425	0.275771644663	55.425	55.23	55.62	55.385	0	0.0721704918981	0.0721704918981	15584	0	15584	15584	15584	1748887	1748887	0.416967153549	0.416967153549			1
compress	rwkv7	expert	rwkv7	compress:rwkv7	10000000	2	11	rate-ac	5985c81c39d927ae0e169625790ca4d9e7d1531270c8b09ad73176a375bb3d97	/home/theo/dev/infotheory/configs/bench/two.json	a2181cf7f6579787b6fad37008a3aa9a6ef88363dc47a0e225d765d7b1ed207b	native	cli	135.19	0.919238815543	135.19	134.54	135.84	135.1	0.005	0.0705448896601	0.0705448896601	25562	172.53405461	25562	25440	25684	3968645	3968645	0.3968645	0.3968645			1
decompress	fac-ctw	expert	fac-ctw	decompress:fac-ctw	4096	2	11	rate-ac	652ed0541c8b9e2d8194c2a1cd20a3ea516efaa542082535c0ef57267e1ca49e	/home/theo/dev/infotheory/configs/bench/two.json	a2181cf7f6579787b6fad37008a3aa9a6ef88363dc47a0e225d765d7b1ed207b	native	cli	0.03	0	0.03	0.03	0.03	0.03	0	0.130208333333	0.130208333333	7566	98.9949493661	7566	7496	7636	1332	1332	0.3251953125	0.3251953125			1
decompress	fac-ctw	expert	fac-ctw	decompress:fac-ctw	16384	2	11	rate-ac	f72f174851ed11ae77711d9c7d2df9e3c34666e09adadb61a1081ff54df0196f	/home/theo/dev/infotheory/configs/bench/two.json	a2181cf7f6579787b6fad37008a3aa9a6ef88363dc47a0e225d765d7b1ed207b	native	cli	0.18	0	0.18	0.18	0.18	0.17	0	0.0868055555556	0.0868055555556	12616	16.9705627485	12616	12604	12628	6579	6579	0.401550292969	0.401550292969			1
decompress	fac-ctw	expert	fac-ctw	decompress:fac-ctw	65536	2	11	rate-ac	05fc5f44993ef0557959db76bf47e45badb2dd9c69d93ce08911935b5e52bf40	/home/theo/dev/infotheory/configs/bench/two.json	a2181cf7f6579787b6fad37008a3aa9a6ef88363dc47a0e225d765d7b1ed207b	native	cli	0.805	0.00707106781187	0.805	0.8	0.81	0.8	0	0.0776427469136	0.0776427469136	23004	45.2548339959	23004	22972	23036	22728	22728	0.346801757812	0.346801757812			1
decompress	fac-ctw	expert	fac-ctw	decompress:fac-ctw	262144	2	11	rate-ac	0cdfd008d5327addbf5b118b4a8d616a8cc2971627727b10bfb20e97920881e7	/home/theo/dev/infotheory/configs/bench/two.json	a2181cf7f6579787b6fad37008a3aa9a6ef88363dc47a0e225d765d7b1ed207b	native	cli	3.5	0.0141421356237	3.5	3.49	3.51	3.49	0	0.0714291545237	0.0714291545237	48420	5.65685424949	48420	48416	48424	80004	80004	0.305191040039	0.305191040039			1
decompress	fac-ctw	expert	fac-ctw	decompress:fac-ctw	1048576	2	11	rate-ac	4fb5efa9f35df431737731bf3c8f38a467b69731940ff82a4ee0e218aae58834	/home/theo/dev/infotheory/configs/bench/two.json	a2181cf7f6579787b6fad37008a3aa9a6ef88363dc47a0e225d765d7b1ed207b	native	cli	15.77	0.0141421356237	15.77	15.76	15.78	15.72	0.035	0.0634115663984	0.0634115663984	116030	31.1126983722	116030	116008	116052	301713	301713	0.287735939026	0.287735939026			1
decompress	fac-ctw	expert	fac-ctw	decompress:fac-ctw	2097152	2	11	rate-ac	9dd214e64458c0c36f75a6100aed1a90a7b76ff9dfbb85dc032dea17a1963f50	/home/theo/dev/infotheory/configs/bench/two.json	a2181cf7f6579787b6fad37008a3aa9a6ef88363dc47a0e225d765d7b1ed207b	native	cli	33.365	0.0494974746831	33.365	33.33	33.4	33.26	0.07	0.0599431200605	0.0599431200605	186090	36.7695526217	186090	186064	186116	597003	597003	0.284673213959	0.284673213959			1
decompress	fac-ctw	expert	fac-ctw	decompress:fac-ctw	4194304	2	11	rate-ac	5ba647fec2ba51b0383cbe7147e15a478d85613245b7131c41764dbdd5062f77	/home/theo/dev/infotheory/configs/bench/two.json	a2181cf7f6579787b6fad37008a3aa9a6ef88363dc47a0e225d765d7b1ed207b	native	cli	70.385	0.0919238815543	70.385	70.32	70.45	70.2	0.12	0.0568303390119	0.0568303390119	299620	84.8528137424	299620	299560	299680	1177962	1177962	0.280848026276	0.280848026276			1
decompress	fac-ctw	expert	fac-ctw	decompress:fac-ctw	10000000	2	11	rate-ac	5985c81c39d927ae0e169625790ca4d9e7d1531270c8b09ad73176a375bb3d97	/home/theo/dev/infotheory/configs/bench/two.json	a2181cf7f6579787b6fad37008a3aa9a6ef88363dc47a0e225d765d7b1ed207b	native	cli	179.235	0.120208152802	179.235	179.15	179.32	178.79	0.285	0.0532080526063	0.0532080526063	543828	11.313708499	543828	543820	543836	2746861	2746861	0.2746861	0.2746861			1
decompress	match	expert	match	decompress:match	4096	2	11	rate-ac	652ed0541c8b9e2d8194c2a1cd20a3ea516efaa542082535c0ef57267e1ca49e	/home/theo/dev/infotheory/configs/bench/two.json	a2181cf7f6579787b6fad37008a3aa9a6ef88363dc47a0e225d765d7b1ed207b	native	cli	0.005	0.00707106781187	0.005	0	0.01	0	0			5868	11.313708499	5868	5860	5876	2874	2874	0.70166015625	0.70166015625			1
decompress	match	expert	match	decompress:match	16384	2	11	rate-ac	f72f174851ed11ae77711d9c7d2df9e3c34666e09adadb61a1081ff54df0196f	/home/theo/dev/infotheory/configs/bench/two.json	a2181cf7f6579787b6fad37008a3aa9a6ef88363dc47a0e225d765d7b1ed207b	native	cli	0.015	0.00707106781187	0.015	0.01	0.02	0.01	0	1.171875	1.171875	5942	121.622366364	5942	5856	6028	13506	13506	0.824340820312	0.824340820312			1
decompress	match	expert	match	decompress:match	65536	2	11	rate-ac	05fc5f44993ef0557959db76bf47e45badb2dd9c69d93ce08911935b5e52bf40	/home/theo/dev/infotheory/configs/bench/two.json	a2181cf7f6579787b6fad37008a3aa9a6ef88363dc47a0e225d765d7b1ed207b	native	cli	0.03	0	0.03	0.03	0.03	0.03	0	2.08333333333	2.08333333333	6994	25.4558441227	6994	6976	7012	53748	53748	0.820129394531	0.820129394531			1
decompress	match	expert	match	decompress:match	262144	2	11	rate-ac	0cdfd008d5327addbf5b118b4a8d616a8cc2971627727b10bfb20e97920881e7	/home/theo/dev/infotheory/configs/bench/two.json	a2181cf7f6579787b6fad37008a3aa9a6ef88363dc47a0e225d765d7b1ed207b	native	cli	0.13	0	0.13	0.13	0.13	0.13	0	1.92307692308	1.92307692308	8230	110.308657865	8230	8152	8308	206203	206203	0.786602020264	0.786602020264			1
decompress	match	expert	match	decompress:match	1048576	2	11	rate-ac	4fb5efa9f35df431737731bf3c8f38a467b69731940ff82a4ee0e218aae58834	/home/theo/dev/infotheory/configs/bench/two.json	a2181cf7f6579787b6fad37008a3aa9a6ef88363dc47a0e225d765d7b1ed207b	native	cli	0.54	0	0.54	0.54	0.54	0.54	0	1.85185185185	1.85185185185	11914	36.7695526217	11914	11888	11940	817505	817505	0.779633522034	0.779633522034			1
decompress	match	expert	match	decompress:match	2097152	2	11	rate-ac	9dd214e64458c0c36f75a6100aed1a90a7b76ff9dfbb85dc032dea17a1963f50	/home/theo/dev/infotheory/configs/bench/two.json	a2181cf7f6579787b6fad37008a3aa9a6ef88363dc47a0e225d765d7b1ed207b	native	cli	1.11	0	1.11	1.11	1.11	1.1	0.005	1.8018018018	1.8018018018	20516	16.9705627485	20516	20504	20528	1644756	1644756	0.784280776978	0.784280776978			1
decompress	match	expert	match	decompress:match	4194304	2	11	rate-ac	5ba647fec2ba51b0383cbe7147e15a478d85613245b7131c41764dbdd5062f77	/home/theo/dev/infotheory/configs/bench/two.json	a2181cf7f6579787b6fad37008a3aa9a6ef88363dc47a0e225d765d7b1ed207b	native	cli	2.205	0.00707106781187	2.205	2.2	2.21	2.195	0	1.81406828466	1.81406828466	24234	36.7695526217	24234	24208	24260	3292751	3292751	0.785053014755	0.785053014755			1
decompress	match	expert	match	decompress:match	10000000	2	11	rate-ac	5985c81c39d927ae0e169625790ca4d9e7d1531270c8b09ad73176a375bb3d97	/home/theo/dev/infotheory/configs/bench/two.json	a2181cf7f6579787b6fad37008a3aa9a6ef88363dc47a0e225d765d7b1ed207b	native	cli	5.31	0.0141421356237	5.31	5.3	5.32	5.29	0.01	1.79600319908	1.79600319908	46390	132.936074863	46390	46296	46484	7859324	7859324	0.7859324	0.7859324			1
decompress	neural_mixture	mixture	neural-mixture	decompress:neural_mixture	4096	2	11	rate-ac	652ed0541c8b9e2d8194c2a1cd20a3ea516efaa542082535c0ef57267e1ca49e	/home/theo/dev/infotheory/configs/bench/two.json	a2181cf7f6579787b6fad37008a3aa9a6ef88363dc47a0e225d765d7b1ed207b	native	cli	0.12	0	0.12	0.12	0.12	0.12	0	0.0325520833333	0.0325520833333	12826	87.6812408671	12826	12764	12888	1001	1001	0.244384765625	0.244384765625			1
decompress	neural_mixture	mixture	neural-mixture	decompress:neural_mixture	16384	2	11	rate-ac	f72f174851ed11ae77711d9c7d2df9e3c34666e09adadb61a1081ff54df0196f	/home/theo/dev/infotheory/configs/bench/two.json	a2181cf7f6579787b6fad37008a3aa9a6ef88363dc47a0e225d765d7b1ed207b	native	cli	0.52	0	0.52	0.52	0.52	0.505	0.005	0.0300480769231	0.0300480769231	30586	53.7401153702	30586	30548	30624	5533	5533	0.337707519531	0.337707519531			1
decompress	neural_mixture	mixture	neural-mixture	decompress:neural_mixture	65536	2	11	rate-ac	05fc5f44993ef0557959db76bf47e45badb2dd9c69d93ce08911935b5e52bf40	/home/theo/dev/infotheory/configs/bench/two.json	a2181cf7f6579787b6fad37008a3aa9a6ef88363dc47a0e225d765d7b1ed207b	native	cli	2.255	0.00707106781187	2.255	2.25	2.26	2.225	0.02	0.0277163225172	0.0277163225172	86398	76.3675323681	86398	86344	86452	19344	19344	0.295166015625	0.295166015625			1
decompress	neural_mixture	mixture	neural-mixture	decompress:neural_mixture	262144	2	11	rate-ac	0cdfd008d5327addbf5b118b4a8d616a8cc2971627727b10bfb20e97920881e7	/home/theo/dev/infotheory/configs/bench/two.json	a2181cf7f6579787b6fad37008a3aa9a6ef88363dc47a0e225d765d7b1ed207b	native	cli	9.86	0.0141421356237	9.86	9.85	9.87	9.77	0.075	0.0253549956542	0.0253549956542	249892	84.8528137424	249892	249832	249952	67454	67454	0.257316589355	0.257316589355			1
decompress	neural_mixture	mixture	neural-mixture	decompress:neural_mixture	1048576	2	11	rate-ac	4fb5efa9f35df431737731bf3c8f38a467b69731940ff82a4ee0e218aae58834	/home/theo/dev/infotheory/configs/bench/two.json	a2181cf7f6579787b6fad37008a3aa9a6ef88363dc47a0e225d765d7b1ed207b	native	cli	44.925	0.00707106781186	44.925	44.92	44.93	44.6	0.285	0.0222593213664	0.0222593213664	679326	19.7989898732	679326	679312	679340	254251	254251	0.242472648621	0.242472648621			1
decompress	neural_mixture	mixture	neural-mixture	decompress:neural_mixture	2097152	2	11	rate-ac	9dd214e64458c0c36f75a6100aed1a90a7b76ff9dfbb85dc032dea17a1963f50	/home/theo/dev/infotheory/configs/bench/two.json	a2181cf7f6579787b6fad37008a3aa9a6ef88363dc47a0e225d765d7b1ed207b	native	cli	95.965	0.0636396103068	95.965	95.92	96.01	95.45	0.42	0.0208409361723	0.0208409361723	999626	70.7106781187	999626	999576	999676	503520	503520	0.240097045898	0.240097045898			1
decompress	neural_mixture	mixture	neural-mixture	decompress:neural_mixture	4194304	2	11	rate-ac	5ba647fec2ba51b0383cbe7147e15a478d85613245b7131c41764dbdd5062f77	/home/theo/dev/infotheory/configs/bench/two.json	a2181cf7f6579787b6fad37008a3aa9a6ef88363dc47a0e225d765d7b1ed207b	native	cli	205.13	0.0141421356237	205.13	205.12	205.14	204.305	0.62	0.0194998294228	0.0194998294228	1387238	9359.26535579	1387238	1380620	1393856	988355	988355	0.235642194748	0.235642194748			1
decompress	neural_mixture	mixture	neural-mixture	decompress:neural_mixture	10000000	2	11	rate-ac	5985c81c39d927ae0e169625790ca4d9e7d1531270c8b09ad73176a375bb3d97	/home/theo/dev/infotheory/configs/bench/two.json	a2181cf7f6579787b6fad37008a3aa9a6ef88363dc47a0e225d765d7b1ed207b	native	cli	534.485	0.473761543395	534.485	534.15	534.82	532.68	1.28	0.0178428710076	0.0178428710076	2508222	19.7989898732	2508222	2508208	2508236	2270248	2270248	0.2270248	0.2270248			1
decompress	ppmd	expert	ppmd	decompress:ppmd	4096	2	11	rate-ac	652ed0541c8b9e2d8194c2a1cd20a3ea516efaa542082535c0ef57267e1ca49e	/home/theo/dev/infotheory/configs/bench/two.json	a2181cf7f6579787b6fad37008a3aa9a6ef88363dc47a0e225d765d7b1ed207b	native	cli	0.015	0.00707106781187	0.015	0.01	0.02	0.005	0	0.29296875	0.29296875	7612	96.1665222414	7612	7544	7680	1058	1058	0.25830078125	0.25830078125			1
decompress	ppmd	expert	ppmd	decompress:ppmd	16384	2	11	rate-ac	f72f174851ed11ae77711d9c7d2df9e3c34666e09adadb61a1081ff54df0196f	/home/theo/dev/infotheory/configs/bench/two.json	a2181cf7f6579787b6fad37008a3aa9a6ef88363dc47a0e225d765d7b1ed207b	native	cli	0.03	0	0.03	0.03	0.03	0.025	0	0.520833333333	0.520833333333	15288	84.8528137424	15288	15228	15348	6267	6267	0.382507324219	0.382507324219			1
decompress	ppmd	expert	ppmd	decompress:ppmd	65536	2	11	rate-ac	05fc5f44993ef0557959db76bf47e45badb2dd9c69d93ce08911935b5e52bf40	/home/theo/dev/infotheory/configs/bench/two.json	a2181cf7f6579787b6fad37008a3aa9a6ef88363dc47a0e225d765d7b1ed207b	native	cli	0.14	0	0.14	0.14	0.14	0.12	0.02	0.446428571429	0.446428571429	39490	48.0832611207	39490	39456	39524	23186	23186	0.353790283203	0.353790283203			1
decompress	ppmd	expert	ppmd	decompress:ppmd	262144	2	11	rate-ac	0cdfd008d5327addbf5b118b4a8d616a8cc2971627727b10bfb20e97920881e7	/home/theo/dev/infotheory/configs/bench/two.json	a2181cf7f6579787b6fad37008a3aa9a6ef88363dc47a0e225d765d7b1ed207b	native	cli	0.62	0	0.62	0.62	0.62	0.55	0.06	0.403225806452	0.403225806452	127226	87.6812408671	127226	127164	127288	83269	83269	0.317646026611	0.317646026611			1
decompress	ppmd	expert	ppmd	decompress:ppmd	1048576	2	11	rate-ac	4fb5efa9f35df431737731bf3c8f38a467b69731940ff82a4ee0e218aae58834	/home/theo/dev/infotheory/configs/bench/two.json	a2181cf7f6579787b6fad37008a3aa9a6ef88363dc47a0e225d765d7b1ed207b	native	cli	2.775	0.00707106781187	2.775	2.77	2.78	2.585	0.18	0.36036153027	0.36036153027	371152	124.450793489	371152	371064	371240	326331	326331	0.311213493347	0.311213493347			1
decompress	ppmd	expert	ppmd	decompress:ppmd	2097152	2	11	rate-ac	9dd214e64458c0c36f75a6100aed1a90a7b76ff9dfbb85dc032dea17a1963f50	/home/theo/dev/infotheory/configs/bench/two.json	a2181cf7f6579787b6fad37008a3aa9a6ef88363dc47a0e225d765d7b1ed207b	native	cli	5.765	0.0212132034356	5.765	5.75	5.78	5.535	0.22	0.346923424101	0.346923424101	435032	16.9705627485	435032	435020	435044	661953	661953	0.315643787384	0.315643787384			1
decompress	ppmd	expert	ppmd	decompress:ppmd	4194304	2	11	rate-ac	5ba647fec2ba51b0383cbe7147e15a478d85613245b7131c41764dbdd5062f77	/home/theo/dev/infotheory/configs/bench/two.json	a2181cf7f6579787b6fad37008a3aa9a6ef88363dc47a0e225d765d7b1ed207b	native	cli	11.65	0.0424264068712	11.65	11.62	11.68	11.425	0.205	0.343349916299	0.343349916299	435736	141.421356237	435736	435636	435836	1329257	1329257	0.316919565201	0.316919565201			1
decompress	ppmd	expert	ppmd	decompress:ppmd	10000000	2	11	rate-ac	5985c81c39d927ae0e169625790ca4d9e7d1531270c8b09ad73176a375bb3d97	/home/theo/dev/infotheory/configs/bench/two.json	a2181cf7f6579787b6fad37008a3aa9a6ef88363dc47a0e225d765d7b1ed207b	native	cli	28.12	0.0565685424949	28.12	28.08	28.16	27.81	0.28	0.339145179982	0.339145179982	552890	2.82842712475	552890	552888	552892	3154465	3154465	0.3154465	0.3154465			1
decompress	rosa	expert	rosaplus	decompress:rosa	4096	2	11	rate-ac	652ed0541c8b9e2d8194c2a1cd20a3ea516efaa542082535c0ef57267e1ca49e	/home/theo/dev/infotheory/configs/bench/two.json	a2181cf7f6579787b6fad37008a3aa9a6ef88363dc47a0e225d765d7b1ed207b	native	cli	0	0	0	0	0	0	0			6180	56.5685424949	6180	6140	6220	1127	1127	0.275146484375	0.275146484375			1
decompress	rosa	expert	rosaplus	decompress:rosa	16384	2	11	rate-ac	f72f174851ed11ae77711d9c7d2df9e3c34666e09adadb61a1081ff54df0196f	/home/theo/dev/infotheory/configs/bench/two.json	a2181cf7f6579787b6fad37008a3aa9a6ef88363dc47a0e225d765d7b1ed207b	native	cli	0.02	0	0.02	0.02	0.02	0.02	0	0.78125	0.78125	8040	11.313708499	8040	8032	8048	6359	6359	0.388122558594	0.388122558594			1
decompress	rosa	expert	rosaplus	decompress:rosa	65536	2	11	rate-ac	05fc5f44993ef0557959db76bf47e45badb2dd9c69d93ce08911935b5e52bf40	/home/theo/dev/infotheory/configs/bench/two.json	a2181cf7f6579787b6fad37008a3aa9a6ef88363dc47a0e225d765d7b1ed207b	native	cli	0.125	0.00707106781187	0.125	0.12	0.13	0.125	0	0.500801282051	0.500801282051	16380	28.2842712475	16380	16360	16400	22843	22843	0.348556518555	0.348556518555			1
decompress	rosa	expert	rosaplus	decompress:rosa	262144	2	11	rate-ac	0cdfd008d5327addbf5b118b4a8d616a8cc2971627727b10bfb20e97920881e7	/home/theo/dev/infotheory/configs/bench/two.json	a2181cf7f6579787b6fad37008a3aa9a6ef88363dc47a0e225d765d7b1ed207b	native	cli	0.7	0	0.7	0.7	0.7	0.685	0.015	0.357142857143	0.357142857143	46696	11.313708499	46696	46688	46704	80590	80590	0.307426452637	0.307426452637			1
decompress	rosa	expert	rosaplus	decompress:rosa	1048576	2	11	rate-ac	4fb5efa9f35df431737731bf3c8f38a467b69731940ff82a4ee0e218aae58834	/home/theo/dev/infotheory/configs/bench/two.json	a2181cf7f6579787b6fad37008a3aa9a6ef88363dc47a0e225d765d7b1ed207b	native	cli	3.885	0.00707106781187	3.885	3.88	3.89	3.85	0.03	0.257400683752	0.257400683752	146414	19.7989898732	146414	146400	146428	306522	306522	0.292322158813	0.292322158813			1
decompress	rosa	expert	rosaplus	decompress:rosa	2097152	2	11	rate-ac	9dd214e64458c0c36f75a6100aed1a90a7b76ff9dfbb85dc032dea17a1963f50	/home/theo/dev/infotheory/configs/bench/two.json	a2181cf7f6579787b6fad37008a3aa9a6ef88363dc47a0e225d765d7b1ed207b	native	cli	9.44	0.0282842712475	9.44	9.42	9.46	9.345	0.075	0.21186535777	0.21186535777	278224	11.313708499	278224	278216	278232	608681	608681	0.290241718292	0.290241718292			1
decompress	rosa	expert	rosaplus	decompress:rosa	4194304	2	11	rate-ac	5ba647fec2ba51b0383cbe7147e15a478d85613245b7131c41764dbdd5062f77	/home/theo/dev/infotheory/configs/bench/two.json	a2181cf7f6579787b6fad37008a3aa9a6ef88363dc47a0e225d765d7b1ed207b	native	cli	23.58	0.0565685424949	23.58	23.54	23.62	23.35	0.21	0.169635772285	0.169635772285	535834	127.279220614	535834	535744	535924	1199345	1199345	0.285946130753	0.285946130753			1
decompress	rosa	expert	rosaplus	decompress:rosa	10000000	2	11	rate-ac	5985c81c39d927ae0e169625790ca4d9e7d1531270c8b09ad73176a375bb3d97	/home/theo/dev/infotheory/configs/bench/two.json	a2181cf7f6579787b6fad37008a3aa9a6ef88363dc47a0e225d765d7b1ed207b	native	cli	74.73	0.395979797464	74.73	74.45	75.01	74.115	0.535	0.12761778468	0.12761778468	1262736	67.8822509939	1262736	1262688	1262784	2752778	2752778	0.2752778	0.2752778			1
decompress	rwkv7	expert	rwkv7	decompress:rwkv7	4096	2	11	rate-ac	652ed0541c8b9e2d8194c2a1cd20a3ea516efaa542082535c0ef57267e1ca49e	/home/theo/dev/infotheory/configs/bench/two.json	a2181cf7f6579787b6fad37008a3aa9a6ef88363dc47a0e225d765d7b1ed207b	native	cli	0.05	0	0.05	0.05	0.05	0.05	0	0.078125	0.078125	8308	147.078210487	8308	8204	8412	3714	3714	0.90673828125	0.90673828125			1
decompress	rwkv7	expert	rwkv7	decompress:rwkv7	16384	2	11	rate-ac	f72f174851ed11ae77711d9c7d2df9e3c34666e09adadb61a1081ff54df0196f	/home/theo/dev/infotheory/configs/bench/two.json	a2181cf7f6579787b6fad37008a3aa9a6ef88363dc47a0e225d765d7b1ed207b	native	cli	0.21	0	0.21	0.21	0.21	0.21	0	0.0744047619048	0.0744047619048	8386	110.308657865	8386	8308	8464	12000	12000	0.732421875	0.732421875			1
decompress	rwkv7	expert	rwkv7	decompress:rwkv7	65536	2	11	rate-ac	05fc5f44993ef0557959db76bf47e45badb2dd9c69d93ce08911935b5e52bf40	/home/theo/dev/infotheory/configs/bench/two.json	a2181cf7f6579787b6fad37008a3aa9a6ef88363dc47a0e225d765d7b1ed207b	native	cli	0.86	0.0141421356237	0.86	0.85	0.87	0.855	0	0.0726842461122	0.0726842461122	8298	65.0538238692	8298	8252	8344	35340	35340	0.539245605469	0.539245605469			1
decompress	rwkv7	expert	rwkv7	decompress:rwkv7	262144	2	11	rate-ac	0cdfd008d5327addbf5b118b4a8d616a8cc2971627727b10bfb20e97920881e7	/home/theo/dev/infotheory/configs/bench/two.json	a2181cf7f6579787b6fad37008a3aa9a6ef88363dc47a0e225d765d7b1ed207b	native	cli	3.29	0	3.29	3.29	3.29	3.285	0	0.0759878419453	0.0759878419453	8404	50.9116882454	8404	8368	8440	137010	137010	0.522651672363	0.522651672363			1
decompress	rwkv7	expert	rwkv7	decompress:rwkv7	1048576	2	11	rate-ac	4fb5efa9f35df431737731bf3c8f38a467b69731940ff82a4ee0e218aae58834	/home/theo/dev/infotheory/configs/bench/two.json	a2181cf7f6579787b6fad37008a3aa9a6ef88363dc47a0e225d765d7b1ed207b	native	cli	14.005	0.19091883092	14.005	13.87	14.14	13.995	0	0.0714097056013	0.0714097056013	9334	65.0538238692	9334	9288	9380	474275	474275	0.452303886414	0.452303886414			1
decompress	rwkv7	expert	rwkv7	decompress:rwkv7	2097152	2	11	rate-ac	9dd214e64458c0c36f75a6100aed1a90a7b76ff9dfbb85dc032dea17a1963f50	/home/theo/dev/infotheory/configs/bench/two.json	a2181cf7f6579787b6fad37008a3aa9a6ef88363dc47a0e225d765d7b1ed207b	native	cli	27.98	0.11313708499	27.98	27.9	28.06	27.955	0	0.0714802126524	0.0714802126524	10912	0	10912	10912	10912	917086	917086	0.437300682068	0.437300682068			1
decompress	rwkv7	expert	rwkv7	decompress:rwkv7	4194304	2	11	rate-ac	5ba647fec2ba51b0383cbe7147e15a478d85613245b7131c41764dbdd5062f77	/home/theo/dev/infotheory/configs/bench/two.json	a2181cf7f6579787b6fad37008a3aa9a6ef88363dc47a0e225d765d7b1ed207b	native	cli	56.36	0.33941125497	56.36	56.12	56.6	56.325	0	0.0709736077915	0.0709736077915	13792	16.9705627485	13792	13780	13804	1748887	1748887	0.416967153549	0.416967153549			1
decompress	rwkv7	expert	rwkv7	decompress:rwkv7	10000000	2	11	rate-ac	5985c81c39d927ae0e169625790ca4d9e7d1531270c8b09ad73176a375bb3d97	/home/theo/dev/infotheory/configs/bench/two.json	a2181cf7f6579787b6fad37008a3aa9a6ef88363dc47a0e225d765d7b1ed207b	native	cli	135.96	0.155563491861	135.96	135.85	136.07	135.87	0.005	0.0701437879276	0.0701437879276	21654	268.700576851	21654	21464	21844	3968645	3968645	0.3968645	0.3968645			1
