operation	subject	subject_kind	expert_kind	series	size_bytes	repetition	cpu	compression_backend	input_sha256	suite_spec_path	suite_spec_sha256	build_mode	build_features	archive_bytes	entropy_bpb	real_seconds	user_seconds	sys_seconds	rss_kib	verified
h	neural_mixture	mixture	neural-mixture	h:neural_mixture	4096	1	11	-	652ed0541c8b9e2d8194c2a1cd20a3ea516efaa542082535c0ef57267e1ca49e	/home/theo/dev/infotheory/configs/bench/two.json	a2181cf7f6579787b6fad37008a3aa9a6ef88363dc47a0e225d765d7b1ed207b	native	cli		1.918573669072413	0.13	0.11	0.00	12560	1
compress	neural_mixture	mixture	neural-mixture	compress:neural_mixture	4096	1	11	rate-ac	652ed0541c8b9e2d8194c2a1cd20a3ea516efaa542082535c0ef57267e1ca49e	/home/theo/dev/infotheory/configs/bench/two.json	a2181cf7f6579787b6fad37008a3aa9a6ef88363dc47a0e225d765d7b1ed207b	native	cli	1001		0.12	0.12	0.00	12632	1
decompress	neural_mixture	mixture	neural-mixture	decompress:neural_mixture	4096	1	11	rate-ac	652ed0541c8b9e2d8194c2a1cd20a3ea516efaa542082535c0ef57267e1ca49e	/home/theo/dev/infotheory/configs/bench/two.json	a2181cf7f6579787b6fad37008a3aa9a6ef88363dc47a0e225d765d7b1ed207b	native	cli	1001		0.12	0.12	0.00	12888	1
h	neural_mixture	mixture	neural-mixture	h:neural_mixture	4096	2	11	-	652ed0541c8b9e2d8194c2a1cd20a3ea516efaa542082535c0ef57267e1ca49e	/home/theo/dev/infotheory/configs/bench/two.json	a2181cf7f6579787b6fad37008a3aa9a6ef88363dc47a0e225d765d7b1ed207b	native	cli		1.918573669072413	0.11	0.10	0.00	12764	1
compress	neural_mixture	mixture	neural-mixture	compress:neural_mixture	4096	2	11	rate-ac	652ed0541c8b9e2d8194c2a1cd20a3ea516efaa542082535c0ef57267e1ca49e	/home/theo/dev/infotheory/configs/bench/two.json	a2181cf7f6579787b6fad37008a3aa9a6ef88363dc47a0e225d765d7b1ed207b	native	cli	1001		0.12	0.12	0.00	12640	1
decompress	neural_mixture	mixture	neural-mixture	decompress:neural_mixture	4096	2	11	rate-ac	652ed0541c8b9e2d8194c2a1cd20a3ea516efaa542082535c0ef57267e1ca49e	/home/theo/dev/infotheory/configs/bench/two.json	a2181cf7f6579787b6fad37008a3aa9a6ef88363dc47a0e225d765d7b1ed207b	native	cli	1001		0.12	0.12	0.00	12764	1
h	fac-ctw	expert	fac-ctw	h:fac-ctw	4096	1	11	-	652ed0541c8b9e2d8194c2a1cd20a3ea516efaa542082535c0ef57267e1ca49e	/home/theo/dev/infotheory/configs/bench/two.json	a2181cf7f6579787b6fad37008a3aa9a6ef88363dc47a0e225d765d7b1ed207b	native	cli		2.5654962454168757	0.02	0.02	0.00	7496	1
compress	fac-ctw	expert	fac-ctw	compress:fac-ctw	4096	1	11	rate-ac	652ed0541c8b9e2d8194c2a1cd20a3ea516efaa542082535c0ef57267e1ca49e	/home/theo/dev/infotheory/configs/bench/two.json	a2181cf7f6579787b6fad37008a3aa9a6ef88363dc47a0e225d765d7b1ed207b	native	cli	1332		0.04	0.04	0.00	7584	1
decompress	fac-ctw	expert	fac-ctw	decompress:fac-ctw	4096	1	11	rate-ac	652ed0541c8b9e2d8194c2a1cd20a3ea516efaa542082535c0ef57267e1ca49e	/home/theo/dev/infotheory/configs/bench/two.json	a2181cf7f6579787b6fad37008a3aa9a6ef88363dc47a0e225d765d7b1ed207b	native	cli	1332		0.03	0.03	0.00	7496	1
h	fac-ctw	expert	fac-ctw	h:fac-ctw	4096	2	11	-	652ed0541c8b9e2d8194c2a1cd20a3ea516efaa542082535c0ef57267e1ca49e	/home/theo/dev/infotheory/configs/bench/two.json	a2181cf7f6579787b6fad37008a3aa9a6ef88363dc47a0e225d765d7b1ed207b	native	cli		2.5654962454168757	0.02	0.02	0.00	7464	1
compress	fac-ctw	expert	fac-ctw	compress:fac-ctw	4096	2	11	rate-ac	652ed0541c8b9e2d8194c2a1cd20a3ea516efaa542082535c0ef57267e1ca49e	/home/theo/dev/infotheory/configs/bench/two.json	a2181cf7f6579787b6fad37008a3aa9a6ef88363dc47a0e225d765d7b1ed207b	native	cli	1332		0.04	0.04	0.00	7372	1
decompress	fac-ctw	expert	fac-ctw	decompress:fac-ctw	4096	2	11	rate-ac	652ed0541c8b9e2d8194c2a1cd20a3ea516efaa542082535c0ef57267e1ca49e	/home/theo/dev/infotheory/configs/bench/two.json	a2181cf7f6579787b6fad37008a3aa9a6ef88363dc47a0e225d765d7b1ed207b	native	cli	1332		0.03	0.03	0.00	7636	1
h	ppmd	expert	ppmd	h:ppmd	4096	1	11	-	652ed0541c8b9e2d8194c2a1cd20a3ea516efaa542082535c0ef57267e1ca49e	/home/theo/dev/infotheory/configs/bench/two.json	a2181cf7f6579787b6fad37008a3aa9a6ef88363dc47a0e225d765d7b1ed207b	native	cli		2.029162762208123	0.00	0.00	0.00	7968	1
compress	ppmd	expert	ppmd	compress:ppmd	4096	1	11	rate-ac	652ed0541c8b9e2d8194c2a1cd20a3ea516efaa542082535c0ef57267e1ca49e	/home/theo/dev/infotheory/configs/bench/two.json	a2181cf7f6579787b6fad37008a3aa9a6ef88363dc47a0e225d765d7b1ed207b	native	cli	1058		0.01	0.01	0.00	7556	1
decompress	ppmd	expert	ppmd	decompress:ppmd	4096	1	11	rate-ac	652ed0541c8b9e2d8194c2a1cd20a3ea516efaa542082535c0ef57267e1ca49e	/home/theo/dev/infotheory/configs/bench/two.json	a2181cf7f6579787b6fad37008a3aa9a6ef88363dc47a0e225d765d7b1ed207b	native	cli	1058		0.01	0.00	0.00	7544	1
h	ppmd	expert	ppmd	h:ppmd	4096	2	11	-	652ed0541c8b9e2d8194c2a1cd20a3ea516efaa542082535c0ef57267e1ca49e	/home/theo/dev/infotheory/configs/bench/two.json	a2181cf7f6579787b6fad37008a3aa9a6ef88363dc47a0e225d765d7b1ed207b	native	cli		2.029162762208123	0.01	0.01	0.00	7888	1
compress	ppmd	expert	ppmd	compress:ppmd	4096	2	11	rate-ac	652ed0541c8b9e2d8194c2a1cd20a3ea516efaa542082535c0ef57267e1ca49e	/home/theo/dev/infotheory/configs/bench/two.json	a2181cf7f6579787b6fad37008a3aa9a6ef88363dc47a0e225d765d7b1ed207b	native	cli	1058		0.02	0.01	0.00	7632	1
decompress	ppmd	expert	ppmd	decompress:ppmd	4096	2	11	rate-ac	652ed0541c8b9e2d8194c2a1cd20a3ea516efaa542082535c0ef57267e1ca49e	/home/theo/dev/infotheory/configs/bench/two.json	a2181cf7f6579787b6fad37008a3aa9a6ef88363dc47a0e225d765d7b1ed207b	native	cli	1058		0.02	0.01	0.00	7680	1
h	rosa	expert	rosaplus	h:rosa	4096	1	11	-	652ed0541c8b9e2d8194c2a1cd20a3ea516efaa542082535c0ef57267e1ca49e	/home/theo/dev/infotheory/configs/bench/two.json	a2181cf7f6579787b6fad37008a3aa9a6ef88363dc47a0e225d765d7b1ed207b	native	cli		2.111721242855073	0.06	0.04	0.01	6548	1
compress	rosa	expert	rosaplus	compress:rosa	4096	1	11	rate-ac	652ed0541c8b9e2d8194c2a1cd20a3ea516efaa542082535c0ef57267e1ca49e	/home/theo/dev/infotheory/configs/bench/two.json	a2181cf7f6579787b6fad37008a3aa9a6ef88363dc47a0e225d765d7b1ed207b	native	cli	1127		0.00	0.00	0.00	6112	1
decompress	rosa	expert	rosaplus	decompress:rosa	4096	1	11	rate-ac	652ed0541c8b9e2d8194c2a1cd20a3ea516efaa542082535c0ef57267e1ca49e	/home/theo/dev/infotheory/configs/bench/two.json	a2181cf7f6579787b6fad37008a3aa9a6ef88363dc47a0e225d765d7b1ed207b	native	cli	1127		0.00	0.00	0.00	6220	1
h	rosa	expert	rosaplus	h:rosa	4096	2	11	-	652ed0541c8b9e2d8194c2a1cd20a3ea516efaa542082535c0ef57267e1ca49e	/home/theo/dev/infotheory/configs/bench/two.json	a2181cf7f6579787b6fad37008a3aa9a6ef88363dc47a0e225d765d7b1ed207b	native	cli		2.111721242855073	0.03	0.03	0.00	6472	1
compress	rosa	expert	rosaplus	compress:rosa	4096	2	11	rate-ac	652ed0541c8b9e2d8194c2a1cd20a3ea516efaa542082535c0ef57267e1ca49e	/home/theo/dev/infotheory/configs/bench/two.json	a2181cf7f6579787b6fad37008a3aa9a6ef88363dc47a0e225d765d7b1ed207b	native	cli	1127		0.00	0.00	0.00	6280	1
decompress	rosa	expert	rosaplus	decompress:rosa	4096	2	11	rate-ac	652ed0541c8b9e2d8194c2a1cd20a3ea516efaa542082535c0ef57267e1ca49e	/home/theo/dev/infotheory/configs/bench/two.json	a2181cf7f6579787b6fad37008a3aa9a6ef88363dc47a0e225d765d7b1ed207b	native	cli	1127		0.00	0.00	0.00	6140	1
h	match	expert	match	h:match	4096	1	11	-	652ed0541c8b9e2d8194c2a1cd20a3ea516efaa542082535c0ef57267e1ca49e	/home/theo/dev/infotheory/configs/bench/two.json	a2181cf7f6579787b6fad37008a3aa9a6ef88363dc47a0e225d765d7b1ed207b	native	cli		5.577349932524691	0.00	0.00	0.00	6120	1
compress	match	expert	match	compress:match	4096	1	11	rate-ac	652ed0541c8b9e2d8194c2a1cd20a3ea516efaa542082535c0ef57267e1ca49e	/home/theo/dev/infotheory/configs/bench/two.json	a2181cf7f6579787b6fad37008a3aa9a6ef88363dc47a0e225d765d7b1ed207b	native	cli	2874		0.00	0.00	0.00	5868	1
decompress	match	expert	match	decompress:match	4096	1	11	rate-ac	652ed0541c8b9e2d8194c2a1cd20a3ea516efaa542082535c0ef57267e1ca49e	/home/theo/dev/infotheory/configs/bench/two.json	a2181cf7f6579787b6fad37008a3aa9a6ef88363dc47a0e225d765d7b1ed207b	native	cli	2874		0.01	0.00	0.00	5860	1
h	match	expert	match	h:match	4096	2	11	-	652ed0541c8b9e2d8194c2a1cd20a3ea516efaa542082535c0ef57267e1ca49e	/home/theo/dev/infotheory/configs/bench/two.json	a2181cf7f6579787b6fad37008a3aa9a6ef88363dc47a0e225d765d7b1ed207b	native	cli		5.577349932524691	0.00	0.00	0.00	6224	1
compress	match	expert	match	compress:match	4096	2	11	rate-ac	652ed0541c8b9e2d8194c2a1cd20a3ea516efaa542082535c0ef57267e1ca49e	/home/theo/dev/infotheory/configs/bench/two.json	a2181cf7f6579787b6fad37008a3aa9a6ef88363dc47a0e225d765d7b1ed207b	native	cli	2874		0.00	0.00	0.00	5868	1
decompress	match	expert	match	decompress:match	4096	2	11	rate-ac	652ed0541c8b9e2d8194c2a1cd20a3ea516efaa542082535c0ef57267e1ca49e	/home/theo/dev/infotheory/configs/bench/two.json	a2181cf7f6579787b6fad37008a3aa9a6ef88363dc47a0e225d765d7b1ed207b	native	cli	2874		0.00	0.00	0.00	5876	1
h	rwkv7	expert	rwkv7	h:rwkv7	4096	1	11	-	652ed0541c8b9e2d8194c2a1cd20a3ea516efaa542082535c0ef57267e1ca49e	/home/theo/dev/infotheory/configs/bench/two.json	a2181cf7f6579787b6fad37008a3aa9a6ef88363dc47a0e225d765d7b1ed207b	native	cli		7.217014379468224	0.09	0.08	0.00	9196	1
compress	rwkv7	expert	rwkv7	compress:rwkv7	4096	1	11	rate-ac	652ed0541c8b9e2d8194c2a1cd20a3ea516efaa542082535c0ef57267e1ca49e	/home/theo/dev/infotheory/configs/bench/two.json	a2181cf7f6579787b6fad37008a3aa9a6ef88363dc47a0e225d765d7b1ed207b	native	cli	3714		0.05	0.05	0.00	8480	1
decompress	rwkv7	expert	rwkv7	decompress:rwkv7	4096	1	11	rate-ac	652ed0541c8b9e2d8194c2a1cd20a3ea516efaa542082535c0ef57267e1ca49e	/home/theo/dev/infotheory/configs/bench/two.json	a2181cf7f6579787b6fad37008a3aa9a6ef88363dc47a0e225d765d7b1ed207b	native	cli	3714		0.05	0.05	0.00	8412	1
h	rwkv7	expert	rwkv7	h:rwkv7	4096	2	11	-	652ed0541c8b9e2d8194c2a1cd20a3ea516efaa542082535c0ef57267e1ca49e	/home/theo/dev/infotheory/configs/bench/two.json	a2181cf7f6579787b6fad37008a3aa9a6ef88363dc47a0e225d765d7b1ed207b	native	cli		7.217014379468224	0.05	0.05	0.00	8956	1
compress	rwkv7	expert	rwkv7	compress:rwkv7	4096	2	11	rate-ac	652ed0541c8b9e2d8194c2a1cd20a3ea516efaa542082535c0ef57267e1ca49e	/home/theo/dev/infotheory/configs/bench/two.json	a2181cf7f6579787b6fad37008a3aa9a6ef88363dc47a0e225d765d7b1ed207b	native	cli	3714		0.05	0.05	0.00	8428	1
decompress	rwkv7	expert	rwkv7	decompress:rwkv7	4096	2	11	rate-ac	652ed0541c8b9e2d8194c2a1cd20a3ea516efaa542082535c0ef57267e1ca49e	/home/theo/dev/infotheory/configs/bench/two.json	a2181cf7f6579787b6fad37008a3aa9a6ef88363dc47a0e225d765d7b1ed207b	native	cli	3714		0.05	0.05	0.00	8204	1
h	neural_mixture	mixture	neural-mixture	h:neural_mixture	16384	1	11	-	f72f174851ed11ae77711d9c7d2df9e3c34666e09adadb61a1081ff54df0196f	/home/theo/dev/infotheory/configs/bench/two.json	a2181cf7f6579787b6fad37008a3aa9a6ef88363dc47a0e225d765d7b1ed207b	native	cli		2.6924577982523554	0.47	0.45	0.01	30840	1
compress	neural_mixture	mixture	neural-mixture	compress:neural_mixture	16384	1	11	rate-ac	f72f174851ed11ae77711d9c7d2df9e3c34666e09adadb61a1081ff54df0196f	/home/theo/dev/infotheory/configs/bench/two.json	a2181cf7f6579787b6fad37008a3aa9a6ef88363dc47a0e225d765d7b1ed207b	native	cli	5533		0.52	0.51	0.01	30688	1
decompress	neural_mixture	mixture	neural-mixture	decompress:neural_mixture	16384	1	11	rate-ac	f72f174851ed11ae77711d9c7d2df9e3c34666e09adadb61a1081ff54df0196f	/home/theo/dev/infotheory/configs/bench/two.json	a2181cf7f6579787b6fad37008a3aa9a6ef88363dc47a0e225d765d7b1ed207b	native	cli	5533		0.52	0.51	0.00	30548	1
h	neural_mixture	mixture	neural-mixture	h:neural_mixture	16384	2	11	-	f72f174851ed11ae77711d9c7d2df9e3c34666e09adadb61a1081ff54df0196f	/home/theo/dev/infotheory/configs/bench/two.json	a2181cf7f6579787b6fad37008a3aa9a6ef88363dc47a0e225d765d7b1ed207b	native	cli		2.6924577982523554	0.47	0.46	0.00	31072	1
compress	neural_mixture	mixture	neural-mixture	compress:neural_mixture	16384	2	11	rate-ac	f72f174851ed11ae77711d9c7d2df9e3c34666e09adadb61a1081ff54df0196f	/home/theo/dev/infotheory/configs/bench/two.json	a2181cf7f6579787b6fad37008a3aa9a6ef88363dc47a0e225d765d7b1ed207b	native	cli	5533		0.51	0.50	0.00	30584	1
decompress	neural_mixture	mixture	neural-mixture	decompress:neural_mixture	16384	2	11	rate-ac	f72f174851ed11ae77711d9c7d2df9e3c34666e09adadb61a1081ff54df0196f	/home/theo/dev/infotheory/configs/bench/two.json	a2181cf7f6579787b6fad37008a3aa9a6ef88363dc47a0e225d765d7b1ed207b	native	cli	5533		0.52	0.50	0.01	30624	1
h	fac-ctw	expert	fac-ctw	h:fac-ctw	16384	1	11	-	f72f174851ed11ae77711d9c7d2df9e3c34666e09adadb61a1081ff54df0196f	/home/theo/dev/infotheory/configs/bench/two.json	a2181cf7f6579787b6fad37008a3aa9a6ef88363dc47a0e225d765d7b1ed207b	native	cli		3.2034095120908512	0.10	0.10	0.00	12684	1
compress	fac-ctw	expert	fac-ctw	compress:fac-ctw	16384	1	11	rate-ac	f72f174851ed11ae77711d9c7d2df9e3c34666e09adadb61a1081ff54df0196f	/home/theo/dev/infotheory/configs/bench/two.json	a2181cf7f6579787b6fad37008a3aa9a6ef88363dc47a0e225d765d7b1ed207b	native	cli	6579		0.18	0.18	0.00	12772	1
decompress	fac-ctw	expert	fac-ctw	decompress:fac-ctw	16384	1	11	rate-ac	f72f174851ed11ae77711d9c7d2df9e3c34666e09adadb61a1081ff54df0196f	/home/theo/dev/infotheory/configs/bench/two.json	a2181cf7f6579787b6fad37008a3aa9a6ef88363dc47a0e225d765d7b1ed207b	native	cli	6579		0.18	0.17	0.00	12628	1
h	fac-ctw	expert	fac-ctw	h:fac-ctw	16384	2	11	-	f72f174851ed11ae77711d9c7d2df9e3c34666e09adadb61a1081ff54df0196f	/home/theo/dev/infotheory/configs/bench/two.json	a2181cf7f6579787b6fad37008a3aa9a6ef88363dc47a0e225d765d7b1ed207b	native	cli		3.2034095120908512	0.10	0.10	0.00	12624	1
compress	fac-ctw	expert	fac-ctw	compress:fac-ctw	16384	2	11	rate-ac	f72f174851ed11ae77711d9c7d2df9e3c34666e09adadb61a1081ff54df0196f	/home/theo/dev/infotheory/configs/bench/two.json	a2181cf7f6579787b6fad37008a3aa9a6ef88363dc47a0e225d765d7b1ed207b	native	cli	6579		0.18	0.17	0.00	12560	1
decompress	fac-ctw	expert	fac-ctw	decompress:fac-ctw	16384	2	11	rate-ac	f72f174851ed11ae77711d9c7d2df9e3c34666e09adadb61a1081ff54df0196f	/home/theo/dev/infotheory/configs/bench/two.json	a2181cf7f6579787b6fad37008a3aa9a6ef88363dc47a0e225d765d7b1ed207b	native	cli	6579		0.18	0.17	0.00	12604	1
h	ppmd	expert	ppmd	h:ppmd	16384	1	11	-	f72f174851ed11ae77711d9c7d2df9e3c34666e09adadb61a1081ff54df0196f	/home/theo/dev/infotheory/configs/bench/two.json	a2181cf7f6579787b6fad37008a3aa9a6ef88363dc47a0e225d765d7b1ed207b	native	cli		3.05111741488576	0.02	0.02	0.00	15204	1
compress	ppmd	expert	ppmd	compress:ppmd	16384	1	11	rate-ac	f72f174851ed11ae77711d9c7d2df9e3c34666e09adadb61a1081ff54df0196f	/home/theo/dev/infotheory/configs/bench/two.json	a2181cf7f6579787b6fad37008a3aa9a6ef88363dc47a0e225d765d7b1ed207b	native	cli	6267		0.03	0.03	0.00	15552	1
decompress	ppmd	expert	ppmd	decompress:ppmd	16384	1	11	rate-ac	f72f174851ed11ae77711d9c7d2df9e3c34666e09adadb61a1081ff54df0196f	/home/theo/dev/infotheory/configs/bench/two.json	a2181cf7f6579787b6fad37008a3aa9a6ef88363dc47a0e225d765d7b1ed207b	native	cli	6267		0.03	0.02	0.00	15348	1
h	ppmd	expert	ppmd	h:ppmd	16384	2	11	-	f72f174851ed11ae77711d9c7d2df9e3c34666e09adadb61a1081ff54df0196f	/home/theo/dev/infotheory/configs/bench/two.json	a2181cf7f6579787b6fad37008a3aa9a6ef88363dc47a0e225d765d7b1ed207b	native	cli		3.05111741488576	0.02	0.02	0.00	15204	1
compress	ppmd	expert	ppmd	compress:ppmd	16384	2	11	rate-ac	f72f174851ed11ae77711d9c7d2df9e3c34666e09adadb61a1081ff54df0196f	/home/theo/dev/infotheory/configs/bench/two.json	a2181cf7f6579787b6fad37008a3aa9a6ef88363dc47a0e225d765d7b1ed207b	native	cli	6267		0.03	0.02	0.00	15484	1
decompress	ppmd	expert	ppmd	decompress:ppmd	16384	2	11	rate-ac	f72f174851ed11ae77711d9c7d2df9e3c34666e09adadb61a1081ff54df0196f	/home/theo/dev/infotheory/configs/bench/two.json	a2181cf7f6579787b6fad37008a3aa9a6ef88363dc47a0e225d765d7b1ed207b	native	cli	6267		0.03	0.03	0.00	15228	1
h	rosa	expert	rosaplus	h:rosa	16384	1	11	-	f72f174851ed11ae77711d9c7d2df9e3c34666e09adadb61a1081ff54df0196f	/home/theo/dev/infotheory/configs/bench/two.json	a2181cf7f6579787b6fad37008a3aa9a6ef88363dc47a0e225d765d7b1ed207b	native	cli		3.486306229863964	0.13	0.12	0.00	8460	1
compress	rosa	expert	rosaplus	compress:rosa	16384	1	11	rate-ac	f72f174851ed11ae77711d9c7d2df9e3c34666e09adadb61a1081ff54df0196f	/home/theo/dev/infotheory/configs/bench/two.json	a2181cf7f6579787b6fad37008a3aa9a6ef88363dc47a0e225d765d7b1ed207b	native	cli	6359		0.02	0.02	0.00	8024	1
decompress	rosa	expert	rosaplus	decompress:rosa	16384	1	11	rate-ac	f72f174851ed11ae77711d9c7d2df9e3c34666e09adadb61a1081ff54df0196f	/home/theo/dev/infotheory/configs/bench/two.json	a2181cf7f6579787b6fad37008a3aa9a6ef88363dc47a0e225d765d7b1ed207b	native	cli	6359		0.02	0.02	0.00	8032	1
h	rosa	expert	rosaplus	h:rosa	16384	2	11	-	f72f174851ed11ae77711d9c7d2df9e3c34666e09adadb61a1081ff54df0196f	/home/theo/dev/infotheory/configs/bench/two.json	a2181cf7f6579787b6fad37008a3aa9a6ef88363dc47a0e225d765d7b1ed207b	native	cli		3.486306229863964	0.13	0.12	0.01	8396	1
compress	rosa	expert	rosaplus	compress:rosa	16384	2	11	rate-ac	f72f174851ed11ae77711d9c7d2df9e3c34666e09adadb61a1081ff54df0196f	/home/theo/dev/infotheory/configs/bench/two.json	a2181cf7f6579787b6fad37008a3aa9a6ef88363dc47a0e225d765d7b1ed207b	native	cli	6359		0.02	0.02	0.00	7904	1
decompress	rosa	expert	rosaplus	decompress:rosa	16384	2	11	rate-ac	f72f174851ed11ae77711d9c7d2df9e3c34666e09adadb61a1081ff54df0196f	/home/theo/dev/infotheory/configs/bench/two.json	a2181cf7f6579787b6fad37008a3aa9a6ef88363dc47a0e225d765d7b1ed207b	native	cli	6359		0.02	0.02	0.00	8048	1
h	match	expert	match	h:match	16384	1	11	-	f72f174851ed11ae77711d9c7d2df9e3c34666e09adadb61a1081ff54df0196f	/home/theo/dev/infotheory/configs/bench/two.json	a2181cf7f6579787b6fad37008a3aa9a6ef88363dc47a0e225d765d7b1ed207b	native	cli		6.5858628640659385	0.00	0.00	0.00	6336	1
compress	match	expert	match	compress:match	16384	1	11	rate-ac	f72f174851ed11ae77711d9c7d2df9e3c34666e09adadb61a1081ff54df0196f	/home/theo/dev/infotheory/configs/bench/two.json	a2181cf7f6579787b6fad37008a3aa9a6ef88363dc47a0e225d765d7b1ed207b	native	cli	13506		0.01	0.01	0.00	5728	1
decompress	match	expert	match	decompress:match	16384	1	11	rate-ac	f72f174851ed11ae77711d9c7d2df9e3c34666e09adadb61a1081ff54df0196f	/home/theo/dev/infotheory/configs/bench/two.json	a2181cf7f6579787b6fad37008a3aa9a6ef88363dc47a0e225d765d7b1ed207b	native	cli	13506		0.01	0.01	0.00	6028	1
h	match	expert	match	h:match	16384	2	11	-	f72f174851ed11ae77711d9c7d2df9e3c34666e09adadb61a1081ff54df0196f	/home/theo/dev/infotheory/configs/bench/two.json	a2181cf7f6579787b6fad37008a3aa9a6ef88363dc47a0e225d765d7b1ed207b	native	cli		6.5858628640659385	0.00	0.00	0.00	6328	1
compress	match	expert	match	compress:match	16384	2	11	rate-ac	f72f174851ed11ae77711d9c7d2df9e3c34666e09adadb61a1081ff54df0196f	/home/theo/dev/infotheory/configs/bench/two.json	a2181cf7f6579787b6fad37008a3aa9a6ef88363dc47a0e225d765d7b1ed207b	native	cli	13506		0.02	0.02	0.00	6048	1
decompress	match	expert	match	decompress:match	16384	2	11	rate-ac	f72f174851ed11ae77711d9c7d2df9e3c34666e09adadb61a1081ff54df0196f	/home/theo/dev/infotheory/configs/bench/two.json	a2181cf7f6579787b6fad37008a3aa9a6ef88363dc47a0e225d765d7b1ed207b	native	cli	13506		0.02	0.01	0.00	5856	1
h	rwkv7	expert	rwkv7	h:rwkv7	16384	1	11	-	f72f174851ed11ae77711d9c7d2df9e3c34666e09adadb61a1081ff54df0196f	/home/theo/dev/infotheory/configs/bench/two.json	a2181cf7f6579787b6fad37008a3aa9a6ef88363dc47a0e225d765d7b1ed207b	native	cli		5.850210720420741	0.24	0.24	0.00	8928	1
compress	rwkv7	expert	rwkv7	compress:rwkv7	16384	1	11	rate-ac	f72f174851ed11ae77711d9c7d2df9e3c34666e09adadb61a1081ff54df0196f	/home/theo/dev/infotheory/configs/bench/two.json	a2181cf7f6579787b6fad37008a3aa9a6ef88363dc47a0e225d765d7b1ed207b	native	cli	12000		0.21	0.21	0.00	8428	1
decompress	rwkv7	expert	rwkv7	decompress:rwkv7	16384	1	11	rate-ac	f72f174851ed11ae77711d9c7d2df9e3c34666e09adadb61a1081ff54df0196f	/home/theo/dev/infotheory/configs/bench/two.json	a2181cf7f6579787b6fad37008a3aa9a6ef88363dc47a0e225d765d7b1ed207b	native	cli	12000		0.21	0.21	0.00	8464	1
h	rwkv7	expert	rwkv7	h:rwkv7	16384	2	11	-	f72f174851ed11ae77711d9c7d2df9e3c34666e09adadb61a1081ff54df0196f	/home/theo/dev/infotheory/configs/bench/two.json	a2181cf7f6579787b6fad37008a3aa9a6ef88363dc47a0e225d765d7b1ed207b	native	cli		5.850210720420741	0.20	0.20	0.00	8992	1
compress	rwkv7	expert	rwkv7	compress:rwkv7	16384	2	11	rate-ac	f72f174851ed11ae77711d9c7d2df9e3c34666e09adadb61a1081ff54df0196f	/home/theo/dev/infotheory/configs/bench/two.json	a2181cf7f6579787b6fad37008a3aa9a6ef88363dc47a0e225d765d7b1ed207b	native	cli	12000		0.21	0.21	0.00	8240	1
decompress	rwkv7	expert	rwkv7	decompress:rwkv7	16384	2	11	rate-ac	f72f174851ed11ae77711d9c7d2df9e3c34666e09adadb61a1081ff54df0196f	/home/theo/dev/infotheory/configs/bench/two.json	a2181cf7f6579787b6fad37008a3aa9a6ef88363dc47a0e225d765d7b1ed207b	native	cli	12000		0.21	0.21	0.00	8308	1
h	neural_mixture	mixture	neural-mixture	h:neural_mixture	65536	1	11	-	05fc5f44993ef0557959db76bf47e45badb2dd9c69d93ce08911935b5e52bf40	/home/theo/dev/infotheory/configs/bench/two.json	a2181cf7f6579787b6fad37008a3aa9a6ef88363dc47a0e225d765d7b1ed207b	native	cli		2.359021171161541	2.06	2.02	0.03	85408	1
compress	neural_mixture	mixture	neural-mixture	compress:neural_mixture	65536	1	11	rate-ac	05fc5f44993ef0557959db76bf47e45badb2dd9c69d93ce08911935b5e52bf40	/home/theo/dev/infotheory/configs/bench/two.json	a2181cf7f6579787b6fad37008a3aa9a6ef88363dc47a0e225d765d7b1ed207b	native	cli	19344		2.26	2.23	0.02	87672	1
decompress	neural_mixture	mixture	neural-mixture	decompress:neural_mixture	65536	1	11	rate-ac	05fc5f44993ef0557959db76bf47e45badb2dd9c69d93ce08911935b5e52bf40	/home/theo/dev/infotheory/configs/bench/two.json	a2181cf7f6579787b6fad37008a3aa9a6ef88363dc47a0e225d765d7b1ed207b	native	cli	19344		2.26	2.23	0.02	86452	1
h	neural_mixture	mixture	neural-mixture	h:neural_mixture	65536	2	11	-	05fc5f44993ef0557959db76bf47e45badb2dd9c69d93ce08911935b5e52bf40	/home/theo/dev/infotheory/configs/bench/two.json	a2181cf7f6579787b6fad37008a3aa9a6ef88363dc47a0e225d765d7b1ed207b	native	cli		2.359021171161541	2.06	2.03	0.02	85288	1
compress	neural_mixture	mixture	neural-mixture	compress:neural_mixture	65536	2	11	rate-ac	05fc5f44993ef0557959db76bf47e45badb2dd9c69d93ce08911935b5e52bf40	/home/theo/dev/infotheory/configs/bench/two.json	a2181cf7f6579787b6fad37008a3aa9a6ef88363dc47a0e225d765d7b1ed207b	native	cli	19344		2.25	2.23	0.02	87724	1
decompress	neural_mixture	mixture	neural-mixture	decompress:neural_mixture	65536	2	11	rate-ac	05fc5f44993ef0557959db76bf47e45badb2dd9c69d93ce08911935b5e52bf40	/home/theo/dev/infotheory/configs/bench/two.json	a2181cf7f6579787b6fad37008a3aa9a6ef88363dc47a0e225d765d7b1ed207b	native	cli	19344		2.25	2.22	0.02	86344	1
h	fac-ctw	expert	fac-ctw	h:fac-ctw	65536	1	11	-	05fc5f44993ef0557959db76bf47e45badb2dd9c69d93ce08911935b5e52bf40	/home/theo/dev/infotheory/configs/bench/two.json	a2181cf7f6579787b6fad37008a3aa9a6ef88363dc47a0e225d765d7b1ed207b	native	cli		2.7721389563404757	0.48	0.47	0.01	22728	1
compress	fac-ctw	expert	fac-ctw	compress:fac-ctw	65536	1	11	rate-ac	05fc5f44993ef0557959db76bf47e45badb2dd9c69d93ce08911935b5e52bf40	/home/theo/dev/infotheory/configs/bench/two.json	a2181cf7f6579787b6fad37008a3aa9a6ef88363dc47a0e225d765d7b1ed207b	native	cli	22728		0.80	0.79	0.01	22852	1
decompress	fac-ctw	expert	fac-ctw	decompress:fac-ctw	65536	1	11	rate-ac	05fc5f44993ef0557959db76bf47e45badb2dd9c69d93ce08911935b5e52bf40	/home/theo/dev/infotheory/configs/bench/two.json	a2181cf7f6579787b6fad37008a3aa9a6ef88363dc47a0e225d765d7b1ed207b	native	cli	22728		0.81	0.81	0.00	22972	1
h	fac-ctw	expert	fac-ctw	h:fac-ctw	65536	2	11	-	05fc5f44993ef0557959db76bf47e45badb2dd9c69d93ce08911935b5e52bf40	/home/theo/dev/infotheory/configs/bench/two.json	a2181cf7f6579787b6fad37008a3aa9a6ef88363dc47a0e225d765d7b1ed207b	native	cli		2.7721389563404757	0.48	0.47	0.00	22604	1
compress	fac-ctw	expert	fac-ctw	compress:fac-ctw	65536	2	11	rate-ac	05fc5f44993ef0557959db76bf47e45badb2dd9c69d93ce08911935b5e52bf40	/home/theo/dev/infotheory/configs/bench/two.json	a2181cf7f6579787b6fad37008a3aa9a6ef88363dc47a0e225d765d7b1ed207b	native	cli	22728		0.80	0.79	0.00	22744	1
decompress	fac-ctw	expert	fac-ctw	decompress:fac-ctw	65536	2	11	rate-ac	05fc5f44993ef0557959db76bf47e45badb2dd9c69d93ce08911935b5e52bf40	/home/theo/dev/infotheory/configs/bench/two.json	a2181cf7f6579787b6fad37008a3aa9a6ef88363dc47a0e225d765d7b1ed207b	native	cli	22728		0.80	0.79	0.00	23036	1
h	ppmd	expert	ppmd	h:ppmd	65536	1	11	-	05fc5f44993ef0557959db76bf47e45badb2dd9c69d93ce08911935b5e52bf40	/home/theo/dev/infotheory/configs/bench/two.json	a2181cf7f6579787b6fad37008a3aa9a6ef88363dc47a0e225d765d7b1ed207b	native	cli		2.828003099069916	0.11	0.10	0.01	39240	1
compress	ppmd	expert	ppmd	compress:ppmd	65536	1	11	rate-ac	05fc5f44993ef0557959db76bf47e45badb2dd9c69d93ce08911935b5e52bf40	/home/theo/dev/infotheory/configs/bench/two.json	a2181cf7f6579787b6fad37008a3aa9a6ef88363dc47a0e225d765d7b1ed207b	native	cli	23186		0.14	0.14	0.00	39592	1
decompress	ppmd	expert	ppmd	decompress:ppmd	65536	1	11	rate-ac	05fc5f44993ef0557959db76bf47e45badb2dd9c69d93ce08911935b5e52bf40	/home/theo/dev/infotheory/configs/bench/two.json	a2181cf7f6579787b6fad37008a3aa9a6ef88363dc47a0e225d765d7b1ed207b	native	cli	23186		0.14	0.13	0.01	39524	1
h	ppmd	expert	ppmd	h:ppmd	65536	2	11	-	05fc5f44993ef0557959db76bf47e45badb2dd9c69d93ce08911935b5e52bf40	/home/theo/dev/infotheory/configs/bench/two.json	a2181cf7f6579787b6fad37008a3aa9a6ef88363dc47a0e225d765d7b1ed207b	native	cli		2.828003099069916	0.12	0.10	0.01	39220	1
compress	ppmd	expert	ppmd	compress:ppmd	65536	2	11	rate-ac	05fc5f44993ef0557959db76bf47e45badb2dd9c69d93ce08911935b5e52bf40	/home/theo/dev/infotheory/configs/bench/two.json	a2181cf7f6579787b6fad37008a3aa9a6ef88363dc47a0e225d765d7b1ed207b	native	cli	23186		0.14	0.12	0.02	39524	1
decompress	ppmd	expert	ppmd	decompress:ppmd	65536	2	11	rate-ac	05fc5f44993ef0557959db76bf47e45badb2dd9c69d93ce08911935b5e52bf40	/home/theo/dev/infotheory/configs/bench/two.json	a2181cf7f6579787b6fad37008a3aa9a6ef88363dc47a0e225d765d7b1ed207b	native	cli	23186		0.14	0.11	0.03	39456	1
h	rosa	expert	rosaplus	h:rosa	65536	1	11	-	05fc5f44993ef0557959db76bf47e45badb2dd9c69d93ce08911935b5e52bf40	/home/theo/dev/infotheory/configs/bench/two.json	a2181cf7f6579787b6fad37008a3aa9a6ef88363dc47a0e225d765d7b1ed207b	native	cli		3.1905669620146786	0.65	0.63	0.01	15632	1
compress	rosa	expert	rosaplus	compress:rosa	65536	1	11	rate-ac	05fc5f44993ef0557959db76bf47e45badb2dd9c69d93ce08911935b5e52bf40	/home/theo/dev/infotheory/configs/bench/two.json	a2181cf7f6579787b6fad37008a3aa9a6ef88363dc47a0e225d765d7b1ed207b	native	cli	22843		0.12	0.12	0.00	16340	1
decompress	rosa	expert	rosaplus	decompress:rosa	65536	1	11	rate-ac	05fc5f44993ef0557959db76bf47e45badb2dd9c69d93ce08911935b5e52bf40	/home/theo/dev/infotheory/configs/bench/two.json	a2181cf7f6579787b6fad37008a3aa9a6ef88363dc47a0e225d765d7b1ed207b	native	cli	22843		0.13	0.13	0.00	16360	1
h	rosa	expert	rosaplus	h:rosa	65536	2	11	-	05fc5f44993ef0557959db76bf47e45badb2dd9c69d93ce08911935b5e52bf40	/home/theo/dev/infotheory/configs/bench/two.json	a2181cf7f6579787b6fad37008a3aa9a6ef88363dc47a0e225d765d7b1ed207b	native	cli		3.1905669620146786	0.64	0.63	0.01	15720	1
compress	rosa	expert	rosaplus	compress:rosa	65536	2	11	rate-ac	05fc5f44993ef0557959db76bf47e45badb2dd9c69d93ce08911935b5e52bf40	/home/theo/dev/infotheory/configs/bench/two.json	a2181cf7f6579787b6fad37008a3aa9a6ef88363dc47a0e225d765d7b1ed207b	native	cli	22843		0.12	0.12	0.00	16140	1
decompress	rosa	expert	rosaplus	decompress:rosa	65536	2	11	rate-ac	05fc5f44993ef0557959db76bf47e45badb2dd9c69d93ce08911935b5e52bf40	/home/theo/dev/infotheory/configs/bench/two.json	a2181cf7f6579787b6fad37008a3aa9a6ef88363dc47a0e225d765d7b1ed207b	native	cli	22843		0.12	0.12	0.00	16400	1
h	match	expert	match	h:match	65536	1	11	-	05fc5f44993ef0557959db76bf47e45badb2dd9c69d93ce08911935b5e52bf40	/home/theo/dev/infotheory/configs/bench/two.json	a2181cf7f6579787b6fad37008a3aa9a6ef88363dc47a0e225d765d7b1ed207b	native	cli		6.558825530499182	0.01	0.01	0.00	7048	1
compress	match	expert	match	compress:match	65536	1	11	rate-ac	05fc5f44993ef0557959db76bf47e45badb2dd9c69d93ce08911935b5e52bf40	/home/theo/dev/infotheory/configs/bench/two.json	a2181cf7f6579787b6fad37008a3aa9a6ef88363dc47a0e225d765d7b1ed207b	native	cli	53748		0.03	0.03	0.00	6720	1
decompress	match	expert	match	decompress:match	65536	1	11	rate-ac	05fc5f44993ef0557959db76bf47e45badb2dd9c69d93ce08911935b5e52bf40	/home/theo/dev/infotheory/configs/bench/two.json	a2181cf7f6579787b6fad37008a3aa9a6ef88363dc47a0e225d765d7b1ed207b	native	cli	53748		0.03	0.03	0.00	7012	1
h	match	expert	match	h:match	65536	2	11	-	05fc5f44993ef0557959db76bf47e45badb2dd9c69d93ce08911935b5e52bf40	/home/theo/dev/infotheory/configs/bench/two.json	a2181cf7f6579787b6fad37008a3aa9a6ef88363dc47a0e225d765d7b1ed207b	native	cli		6.558825530499182	0.01	0.01	0.00	7088	1
compress	match	expert	match	compress:match	65536	2	11	rate-ac	05fc5f44993ef0557959db76bf47e45badb2dd9c69d93ce08911935b5e52bf40	/home/theo/dev/infotheory/configs/bench/two.json	a2181cf7f6579787b6fad37008a3aa9a6ef88363dc47a0e225d765d7b1ed207b	native	cli	53748		0.03	0.03	0.00	6712	1
decompress	match	expert	match	decompress:match	65536	2	11	rate-ac	05fc5f44993ef0557959db76bf47e45badb2dd9c69d93ce08911935b5e52bf40	/home/theo/dev/infotheory/configs/bench/two.json	a2181cf7f6579787b6fad37008a3aa9a6ef88363dc47a0e225d765d7b1ed207b	native	cli	53748		0.03	0.03	0.00	6976	1
h	rwkv7	expert	rwkv7	h:rwkv7	65536	1	11	-	05fc5f44993ef0557959db76bf47e45badb2dd9c69d93ce08911935b5e52bf40	/home/theo/dev/infotheory/configs/bench/two.json	a2181cf7f6579787b6fad37008a3aa9a6ef88363dc47a0e225d765d7b1ed207b	native	cli		4.311738518194067	0.83	0.83	0.00	9056	1
compress	rwkv7	expert	rwkv7	compress:rwkv7	65536	1	11	rate-ac	05fc5f44993ef0557959db76bf47e45badb2dd9c69d93ce08911935b5e52bf40	/home/theo/dev/infotheory/configs/bench/two.json	a2181cf7f6579787b6fad37008a3aa9a6ef88363dc47a0e225d765d7b1ed207b	native	cli	35340		0.83	0.83	0.00	8464	1
decompress	rwkv7	expert	rwkv7	decompress:rwkv7	65536	1	11	rate-ac	05fc5f44993ef0557959db76bf47e45badb2dd9c69d93ce08911935b5e52bf40	/home/theo/dev/infotheory/configs/bench/two.json	a2181cf7f6579787b6fad37008a3aa9a6ef88363dc47a0e225d765d7b1ed207b	native	cli	35340		0.87	0.87	0.00	8344	1
h	rwkv7	expert	rwkv7	h:rwkv7	65536	2	11	-	05fc5f44993ef0557959db76bf47e45badb2dd9c69d93ce08911935b5e52bf40	/home/theo/dev/infotheory/configs/bench/two.json	a2181cf7f6579787b6fad37008a3aa9a6ef88363dc47a0e225d765d7b1ed207b	native	cli		4.311738518194067	0.81	0.80	0.00	8752	1
compress	rwkv7	expert	rwkv7	compress:rwkv7	65536	2	11	rate-ac	05fc5f44993ef0557959db76bf47e45badb2dd9c69d93ce08911935b5e52bf40	/home/theo/dev/infotheory/configs/bench/two.json	a2181cf7f6579787b6fad37008a3aa9a6ef88363dc47a0e225d765d7b1ed207b	native	cli	35340		0.83	0.83	0.00	8328	1
decompress	rwkv7	expert	rwkv7	decompress:rwkv7	65536	2	11	rate-ac	05fc5f44993ef0557959db76bf47e45badb2dd9c69d93ce08911935b5e52bf40	/home/theo/dev/infotheory/configs/bench/two.json	a2181cf7f6579787b6fad37008a3aa9a6ef88363dc47a0e225d765d7b1ed207b	native	cli	35340		0.85	0.84	0.00	8252	1
h	neural_mixture	mixture	neural-mixture	h:neural_mixture	262144	1	11	-	0cdfd008d5327addbf5b118b4a8d616a8cc2971627727b10bfb20e97920881e7	/home/theo/dev/infotheory/configs/bench/two.json	a2181cf7f6579787b6fad37008a3aa9a6ef88363dc47a0e225d765d7b1ed207b	native	cli		2.0579561160084685	8.91	8.82	0.08	251756	1
compress	neural_mixture	mixture	neural-mixture	compress:neural_mixture	262144	1	11	rate-ac	0cdfd008d5327addbf5b118b4a8d616a8cc2971627727b10bfb20e97920881e7	/home/theo/dev/infotheory/configs/bench/two.json	a2181cf7f6579787b6fad37008a3aa9a6ef88363dc47a0e225d765d7b1ed207b	native	cli	67454		9.81	9.73	0.06	246796	1
decompress	neural_mixture	mixture	neural-mixture	decompress:neural_mixture	262144	1	11	rate-ac	0cdfd008d5327addbf5b118b4a8d616a8cc2971627727b10bfb20e97920881e7	/home/theo/dev/infotheory/configs/bench/two.json	a2181cf7f6579787b6fad37008a3aa9a6ef88363dc47a0e225d765d7b1ed207b	native	cli	67454		9.87	9.77	0.09	249832	1
h	neural_mixture	mixture	neural-mixture	h:neural_mixture	262144	2	11	-	0cdfd008d5327addbf5b118b4a8d616a8cc2971627727b10bfb20e97920881e7	/home/theo/dev/infotheory/configs/bench/two.json	a2181cf7f6579787b6fad37008a3aa9a6ef88363dc47a0e225d765d7b1ed207b	native	cli		2.0579561160084685	8.93	8.84	0.08	251652	1
compress	neural_mixture	mixture	neural-mixture	compress:neural_mixture	262144	2	11	rate-ac	0cdfd008d5327addbf5b118b4a8d616a8cc2971627727b10bfb20e97920881e7	/home/theo/dev/infotheory/configs/bench/two.json	a2181cf7f6579787b6fad37008a3aa9a6ef88363dc47a0e225d765d7b1ed207b	native	cli	67454		9.87	9.79	0.06	246852	1
decompress	neural_mixture	mixture	neural-mixture	decompress:neural_mixture	262144	2	11	rate-ac	0cdfd008d5327addbf5b118b4a8d616a8cc2971627727b10bfb20e97920881e7	/home/theo/dev/infotheory/configs/bench/two.json	a2181cf7f6579787b6fad37008a3aa9a6ef88363dc47a0e225d765d7b1ed207b	native	cli	67454		9.85	9.77	0.06	249952	1
h	fac-ctw	expert	fac-ctw	h:fac-ctw	262144	1	11	-	0cdfd008d5327addbf5b118b4a8d616a8cc2971627727b10bfb20e97920881e7	/home/theo/dev/infotheory/configs/bench/two.json	a2181cf7f6579787b6fad37008a3aa9a6ef88363dc47a0e225d765d7b1ed207b	native	cli		2.4409671415182586	2.32	2.29	0.02	48456	1
compress	fac-ctw	expert	fac-ctw	compress:fac-ctw	262144	1	11	rate-ac	0cdfd008d5327addbf5b118b4a8d616a8cc2971627727b10bfb20e97920881e7	/home/theo/dev/infotheory/configs/bench/two.json	a2181cf7f6579787b6fad37008a3aa9a6ef88363dc47a0e225d765d7b1ed207b	native	cli	80004		3.49	3.48	0.00	48360	1
decompress	fac-ctw	expert	fac-ctw	decompress:fac-ctw	262144	1	11	rate-ac	0cdfd008d5327addbf5b118b4a8d616a8cc2971627727b10bfb20e97920881e7	/home/theo/dev/infotheory/configs/bench/two.json	a2181cf7f6579787b6fad37008a3aa9a6ef88363dc47a0e225d765d7b1ed207b	native	cli	80004		3.49	3.48	0.00	48416	1
h	fac-ctw	expert	fac-ctw	h:fac-ctw	262144	2	11	-	0cdfd008d5327addbf5b118b4a8d616a8cc2971627727b10bfb20e97920881e7	/home/theo/dev/infotheory/configs/bench/two.json	a2181cf7f6579787b6fad37008a3aa9a6ef88363dc47a0e225d765d7b1ed207b	native	cli		2.4409671415182586	2.32	2.30	0.01	48368	1
compress	fac-ctw	expert	fac-ctw	compress:fac-ctw	262144	2	11	rate-ac	0cdfd008d5327addbf5b118b4a8d616a8cc2971627727b10bfb20e97920881e7	/home/theo/dev/infotheory/configs/bench/two.json	a2181cf7f6579787b6fad37008a3aa9a6ef88363dc47a0e225d765d7b1ed207b	native	cli	80004		3.49	3.47	0.01	48460	1
decompress	fac-ctw	expert	fac-ctw	decompress:fac-ctw	262144	2	11	rate-ac	0cdfd008d5327addbf5b118b4a8d616a8cc2971627727b10bfb20e97920881e7	/home/theo/dev/infotheory/configs/bench/two.json	a2181cf7f6579787b6fad37008a3aa9a6ef88363dc47a0e225d765d7b1ed207b	native	cli	80004		3.51	3.50	0.00	48424	1
h	ppmd	expert	ppmd	h:ppmd	262144	1	11	-	0cdfd008d5327addbf5b118b4a8d616a8cc2971627727b10bfb20e97920881e7	/home/theo/dev/infotheory/configs/bench/two.json	a2181cf7f6579787b6fad37008a3aa9a6ef88363dc47a0e225d765d7b1ed207b	native	cli		2.5405956182399834	0.52	0.46	0.05	127004	1
compress	ppmd	expert	ppmd	compress:ppmd	262144	1	11	rate-ac	0cdfd008d5327addbf5b118b4a8d616a8cc2971627727b10bfb20e97920881e7	/home/theo/dev/infotheory/configs/bench/two.json	a2181cf7f6579787b6fad37008a3aa9a6ef88363dc47a0e225d765d7b1ed207b	native	cli	83269		0.62	0.54	0.08	127296	1
decompress	ppmd	expert	ppmd	decompress:ppmd	262144	1	11	rate-ac	0cdfd008d5327addbf5b118b4a8d616a8cc2971627727b10bfb20e97920881e7	/home/theo/dev/infotheory/configs/bench/two.json	a2181cf7f6579787b6fad37008a3aa9a6ef88363dc47a0e225d765d7b1ed207b	native	cli	83269		0.62	0.55	0.06	127288	1
h	ppmd	expert	ppmd	h:ppmd	262144	2	11	-	0cdfd008d5327addbf5b118b4a8d616a8cc2971627727b10bfb20e97920881e7	/home/theo/dev/infotheory/configs/bench/two.json	a2181cf7f6579787b6fad37008a3aa9a6ef88363dc47a0e225d765d7b1ed207b	native	cli		2.5405956182399834	0.52	0.45	0.06	127120	1
compress	ppmd	expert	ppmd	compress:ppmd	262144	2	11	rate-ac	0cdfd008d5327addbf5b118b4a8d616a8cc2971627727b10bfb20e97920881e7	/home/theo/dev/infotheory/configs/bench/two.json	a2181cf7f6579787b6fad37008a3aa9a6ef88363dc47a0e225d765d7b1ed207b	native	cli	83269		0.63	0.55	0.08	127364	1
decompress	ppmd	expert	ppmd	decompress:ppmd	262144	2	11	rate-ac	0cdfd008d5327addbf5b118b4a8d616a8cc2971627727b10bfb20e97920881e7	/home/theo/dev/infotheory/configs/bench/two.json	a2181cf7f6579787b6fad37008a3aa9a6ef88363dc47a0e225d765d7b1ed207b	native	cli	83269		0.62	0.55	0.06	127164	1
h	rosa	expert	rosaplus	h:rosa	262144	1	11	-	0cdfd008d5327addbf5b118b4a8d616a8cc2971627727b10bfb20e97920881e7	/home/theo/dev/infotheory/configs/bench/two.json	a2181cf7f6579787b6fad37008a3aa9a6ef88363dc47a0e225d765d7b1ed207b	native	cli		2.905672544873225	3.61	3.53	0.06	44536	1
compress	rosa	expert	rosaplus	compress:rosa	262144	1	11	rate-ac	0cdfd008d5327addbf5b118b4a8d616a8cc2971627727b10bfb20e97920881e7	/home/theo/dev/infotheory/configs/bench/two.json	a2181cf7f6579787b6fad37008a3aa9a6ef88363dc47a0e225d765d7b1ed207b	native	cli	80590		0.70	0.68	0.01	46408	1
decompress	rosa	expert	rosaplus	decompress:rosa	262144	1	11	rate-ac	0cdfd008d5327addbf5b118b4a8d616a8cc2971627727b10bfb20e97920881e7	/home/theo/dev/infotheory/configs/bench/two.json	a2181cf7f6579787b6fad37008a3aa9a6ef88363dc47a0e225d765d7b1ed207b	native	cli	80590		0.70	0.69	0.01	46688	1
h	rosa	expert	rosaplus	h:rosa	262144	2	11	-	0cdfd008d5327addbf5b118b4a8d616a8cc2971627727b10bfb20e97920881e7	/home/theo/dev/infotheory/configs/bench/two.json	a2181cf7f6579787b6fad37008a3aa9a6ef88363dc47a0e225d765d7b1ed207b	native	cli		2.905672544873225	3.58	3.46	0.11	44308	1
compress	rosa	expert	rosaplus	compress:rosa	262144	2	11	rate-ac	0cdfd008d5327addbf5b118b4a8d616a8cc2971627727b10bfb20e97920881e7	/home/theo/dev/infotheory/configs/bench/two.json	a2181cf7f6579787b6fad37008a3aa9a6ef88363dc47a0e225d765d7b1ed207b	native	cli	80590		0.70	0.67	0.01	46428	1
decompress	rosa	expert	rosaplus	decompress:rosa	262144	2	11	rate-ac	0cdfd008d5327addbf5b118b4a8d616a8cc2971627727b10bfb20e97920881e7	/home/theo/dev/infotheory/configs/bench/two.json	a2181cf7f6579787b6fad37008a3aa9a6ef88363dc47a0e225d765d7b1ed207b	native	cli	80590		0.70	0.68	0.02	46704	1
h	match	expert	match	h:match	262144	1	11	-	0cdfd008d5327addbf5b118b4a8d616a8cc2971627727b10bfb20e97920881e7	/home/theo/dev/infotheory/configs/bench/two.json	a2181cf7f6579787b6fad37008a3aa9a6ef88363dc47a0e225d765d7b1ed207b	native	cli		6.292259446690552	0.03	0.03	0.00	8376	1
compress	match	expert	match	compress:match	262144	1	11	rate-ac	0cdfd008d5327addbf5b118b4a8d616a8cc2971627727b10bfb20e97920881e7	/home/theo/dev/infotheory/configs/bench/two.json	a2181cf7f6579787b6fad37008a3aa9a6ef88363dc47a0e225d765d7b1ed207b	native	cli	206203		0.13	0.13	0.00	8800	1
decompress	match	expert	match	decompress:match	262144	1	11	rate-ac	0cdfd008d5327addbf5b118b4a8d616a8cc2971627727b10bfb20e97920881e7	/home/theo/dev/infotheory/configs/bench/two.json	a2181cf7f6579787b6fad37008a3aa9a6ef88363dc47a0e225d765d7b1ed207b	native	cli	206203		0.13	0.13	0.00	8152	1
h	match	expert	match	h:match	262144	2	11	-	0cdfd008d5327addbf5b118b4a8d616a8cc2971627727b10bfb20e97920881e7	/home/theo/dev/infotheory/configs/bench/two.json	a2181cf7f6579787b6fad37008a3aa9a6ef88363dc47a0e225d765d7b1ed207b	native	cli		6.292259446690552	0.03	0.03	0.00	8536	1
compress	match	expert	match	compress:match	262144	2	11	rate-ac	0cdfd008d5327addbf5b118b4a8d616a8cc2971627727b10bfb20e97920881e7	/home/theo/dev/infotheory/configs/bench/two.json	a2181cf7f6579787b6fad37008a3aa9a6ef88363dc47a0e225d765d7b1ed207b	native	cli	206203		0.13	0.13	0.00	8556	1
decompress	match	expert	match	decompress:match	262144	2	11	rate-ac	0cdfd008d5327addbf5b118b4a8d616a8cc2971627727b10bfb20e97920881e7	/home/theo/dev/infotheory/configs/bench/two.json	a2181cf7f6579787b6fad37008a3aa9a6ef88363dc47a0e225d765d7b1ed207b	native	cli	206203		0.13	0.13	0.00	8308	1
h	rwkv7	expert	rwkv7	h:rwkv7	262144	1	11	-	0cdfd008d5327addbf5b118b4a8d616a8cc2971627727b10bfb20e97920881e7	/home/theo/dev/infotheory/configs/bench/two.json	a2181cf7f6579787b6fad37008a3aa9a6ef88363dc47a0e225d765d7b1ed207b	native	cli		4.180651265210767	3.29	3.29	0.00	9000	1
compress	rwkv7	expert	rwkv7	compress:rwkv7	262144	1	11	rate-ac	0cdfd008d5327addbf5b118b4a8d616a8cc2971627727b10bfb20e97920881e7	/home/theo/dev/infotheory/configs/bench/two.json	a2181cf7f6579787b6fad37008a3aa9a6ef88363dc47a0e225d765d7b1ed207b	native	cli	137010		3.37	3.36	0.00	8544	1
decompress	rwkv7	expert	rwkv7	decompress:rwkv7	262144	1	11	rate-ac	0cdfd008d5327addbf5b118b4a8d616a8cc2971627727b10bfb20e97920881e7	/home/theo/dev/infotheory/configs/bench/two.json	a2181cf7f6579787b6fad37008a3aa9a6ef88363dc47a0e225d765d7b1ed207b	native	cli	137010		3.29	3.29	0.00	8440	1
h	rwkv7	expert	rwkv7	h:rwkv7	262144	2	11	-	0cdfd008d5327addbf5b118b4a8d616a8cc2971627727b10bfb20e97920881e7	/home/theo/dev/infotheory/configs/bench/two.json	a2181cf7f6579787b6fad37008a3aa9a6ef88363dc47a0e225d765d7b1ed207b	native	cli		4.180651265210767	3.24	3.23	0.00	9012	1
compress	rwkv7	expert	rwkv7	compress:rwkv7	262144	2	11	rate-ac	0cdfd008d5327addbf5b118b4a8d616a8cc2971627727b10bfb20e97920881e7	/home/theo/dev/infotheory/configs/bench/two.json	a2181cf7f6579787b6fad37008a3aa9a6ef88363dc47a0e225d765d7b1ed207b	native	cli	137010		3.31	3.31	0.00	8340	1
decompress	rwkv7	expert	rwkv7	decompress:rwkv7	262144	2	11	rate-ac	0cdfd008d5327addbf5b118b4a8d616a8cc2971627727b10bfb20e97920881e7	/home/theo/dev/infotheory/configs/bench/two.json	a2181cf7f6579787b6fad37008a3aa9a6ef88363dc47a0e225d765d7b1ed207b	native	cli	137010		3.29	3.28	0.00	8368	1
h	neural_mixture	mixture	neural-mixture	h:neural_mixture	1048576	1	11	-	4fb5efa9f35df431737731bf3c8f38a467b69731940ff82a4ee0e218aae58834	/home/theo/dev/infotheory/configs/bench/two.json	a2181cf7f6579787b6fad37008a3aa9a6ef88363dc47a0e225d765d7b1ed207b	native	cli		1.9396366933249272	40.69	40.35	0.30	679968	1
compress	neural_mixture	mixture	neural-mixture	compress:neural_mixture	1048576	1	11	rate-ac	4fb5efa9f35df431737731bf3c8f38a467b69731940ff82a4ee0e218aae58834	/home/theo/dev/infotheory/configs/bench/two.json	a2181cf7f6579787b6fad37008a3aa9a6ef88363dc47a0e225d765d7b1ed207b	native	cli	254251		44.66	44.30	0.31	692620	1
decompress	neural_mixture	mixture	neural-mixture	decompress:neural_mixture	1048576	1	11	rate-ac	4fb5efa9f35df431737731bf3c8f38a467b69731940ff82a4ee0e218aae58834	/home/theo/dev/infotheory/configs/bench/two.json	a2181cf7f6579787b6fad37008a3aa9a6ef88363dc47a0e225d765d7b1ed207b	native	cli	254251		44.92	44.59	0.29	679340	1
h	neural_mixture	mixture	neural-mixture	h:neural_mixture	1048576	2	11	-	4fb5efa9f35df431737731bf3c8f38a467b69731940ff82a4ee0e218aae58834	/home/theo/dev/infotheory/configs/bench/two.json	a2181cf7f6579787b6fad37008a3aa9a6ef88363dc47a0e225d765d7b1ed207b	native	cli		1.9396366933249272	40.58	40.29	0.25	679916	1
compress	neural_mixture	mixture	neural-mixture	compress:neural_mixture	1048576	2	11	rate-ac	4fb5efa9f35df431737731bf3c8f38a467b69731940ff82a4ee0e218aae58834	/home/theo/dev/infotheory/configs/bench/two.json	a2181cf7f6579787b6fad37008a3aa9a6ef88363dc47a0e225d765d7b1ed207b	native	cli	254251		44.71	44.39	0.27	692892	1
decompress	neural_mixture	mixture	neural-mixture	decompress:neural_mixture	1048576	2	11	rate-ac	4fb5efa9f35df431737731bf3c8f38a467b69731940ff82a4ee0e218aae58834	/home/theo/dev/infotheory/configs/bench/two.json	a2181cf7f6579787b6fad37008a3aa9a6ef88363dc47a0e225d765d7b1ed207b	native	cli	254251		44.93	44.61	0.28	679312	1
h	fac-ctw	expert	fac-ctw	h:fac-ctw	1048576	1	11	-	4fb5efa9f35df431737731bf3c8f38a467b69731940ff82a4ee0e218aae58834	/home/theo/dev/infotheory/configs/bench/two.json	a2181cf7f6579787b6fad37008a3aa9a6ef88363dc47a0e225d765d7b1ed207b	native	cli		2.301742747548954	11.73	11.68	0.04	115564	1
compress	fac-ctw	expert	fac-ctw	compress:fac-ctw	1048576	1	11	rate-ac	4fb5efa9f35df431737731bf3c8f38a467b69731940ff82a4ee0e218aae58834	/home/theo/dev/infotheory/configs/bench/two.json	a2181cf7f6579787b6fad37008a3aa9a6ef88363dc47a0e225d765d7b1ed207b	native	cli	301713		15.70	15.63	0.06	116320	1
decompress	fac-ctw	expert	fac-ctw	decompress:fac-ctw	1048576	1	11	rate-ac	4fb5efa9f35df431737731bf3c8f38a467b69731940ff82a4ee0e218aae58834	/home/theo/dev/infotheory/configs/bench/two.json	a2181cf7f6579787b6fad37008a3aa9a6ef88363dc47a0e225d765d7b1ed207b	native	cli	301713		15.78	15.74	0.03	116008	1
h	fac-ctw	expert	fac-ctw	h:fac-ctw	1048576	2	11	-	4fb5efa9f35df431737731bf3c8f38a467b69731940ff82a4ee0e218aae58834	/home/theo/dev/infotheory/configs/bench/two.json	a2181cf7f6579787b6fad37008a3aa9a6ef88363dc47a0e225d765d7b1ed207b	native	cli		2.301742747548954	11.70	11.65	0.04	115548	1
compress	fac-ctw	expert	fac-ctw	compress:fac-ctw	1048576	2	11	rate-ac	4fb5efa9f35df431737731bf3c8f38a467b69731940ff82a4ee0e218aae58834	/home/theo/dev/infotheory/configs/bench/two.json	a2181cf7f6579787b6fad37008a3aa9a6ef88363dc47a0e225d765d7b1ed207b	native	cli	301713		15.77	15.71	0.05	116260	1
decompress	fac-ctw	expert	fac-ctw	decompress:fac-ctw	1048576	2	11	rate-ac	4fb5efa9f35df431737731bf3c8f38a467b69731940ff82a4ee0e218aae58834	/home/theo/dev/infotheory/configs/bench/two.json	a2181cf7f6579787b6fad37008a3aa9a6ef88363dc47a0e225d765d7b1ed207b	native	cli	301713		15.76	15.70	0.04	116052	1
h	ppmd	expert	ppmd	h:ppmd	1048576	1	11	-	4fb5efa9f35df431737731bf3c8f38a467b69731940ff82a4ee0e218aae58834	/home/theo/dev/infotheory/configs/bench/two.json	a2181cf7f6579787b6fad37008a3aa9a6ef88363dc47a0e225d765d7b1ed207b	native	cli		2.489564753975732	2.38	2.22	0.16	370460	1
compress	ppmd	expert	ppmd	compress:ppmd	1048576	1	11	rate-ac	4fb5efa9f35df431737731bf3c8f38a467b69731940ff82a4ee0e218aae58834	/home/theo/dev/infotheory/configs/bench/two.json	a2181cf7f6579787b6fad37008a3aa9a6ef88363dc47a0e225d765d7b1ed207b	native	cli	326331		2.74	2.58	0.15	370844	1
decompress	ppmd	expert	ppmd	decompress:ppmd	1048576	1	11	rate-ac	4fb5efa9f35df431737731bf3c8f38a467b69731940ff82a4ee0e218aae58834	/home/theo/dev/infotheory/configs/bench/two.json	a2181cf7f6579787b6fad37008a3aa9a6ef88363dc47a0e225d765d7b1ed207b	native	cli	326331		2.78	2.61	0.16	371240	1
h	ppmd	expert	ppmd	h:ppmd	1048576	2	11	-	4fb5efa9f35df431737731bf3c8f38a467b69731940ff82a4ee0e218aae58834	/home/theo/dev/infotheory/configs/bench/two.json	a2181cf7f6579787b6fad37008a3aa9a6ef88363dc47a0e225d765d7b1ed207b	native	cli		2.489564753975732	2.43	2.25	0.16	370376	1
compress	ppmd	expert	ppmd	compress:ppmd	1048576	2	11	rate-ac	4fb5efa9f35df431737731bf3c8f38a467b69731940ff82a4ee0e218aae58834	/home/theo/dev/infotheory/configs/bench/two.json	a2181cf7f6579787b6fad37008a3aa9a6ef88363dc47a0e225d765d7b1ed207b	native	cli	326331		2.75	2.57	0.18	370616	1
decompress	ppmd	expert	ppmd	decompress:ppmd	1048576	2	11	rate-ac	4fb5efa9f35df431737731bf3c8f38a467b69731940ff82a4ee0e218aae58834	/home/theo/dev/infotheory/configs/bench/two.json	a2181cf7f6579787b6fad37008a3aa9a6ef88363dc47a0e225d765d7b1ed207b	native	cli	326331		2.77	2.56	0.20	371064	1
h	rosa	expert	rosaplus	h:rosa	1048576	1	11	-	4fb5efa9f35df431737731bf3c8f38a467b69731940ff82a4ee0e218aae58834	/home/theo/dev/infotheory/configs/bench/two.json	a2181cf7f6579787b6fad37008a3aa9a6ef88363dc47a0e225d765d7b1ed207b	native	cli		2.801230278247886	19.75	19.31	0.42	194648	1
compress	rosa	expert	rosaplus	compress:rosa	1048576	1	11	rate-ac	4fb5efa9f35df431737731bf3c8f38a467b69731940ff82a4ee0e218aae58834	/home/theo/dev/infotheory/configs/bench/two.json	a2181cf7f6579787b6fad37008a3aa9a6ef88363dc47a0e225d765d7b1ed207b	native	cli	306522		3.87	3.80	0.06	145880	1
decompress	rosa	expert	rosaplus	decompress:rosa	1048576	1	11	rate-ac	4fb5efa9f35df431737731bf3c8f38a467b69731940ff82a4ee0e218aae58834	/home/theo/dev/infotheory/configs/bench/two.json	a2181cf7f6579787b6fad37008a3aa9a6ef88363dc47a0e225d765d7b1ed207b	native	cli	306522		3.89	3.86	0.02	146400	1
h	rosa	expert	rosaplus	h:rosa	1048576	2	11	-	4fb5efa9f35df431737731bf3c8f38a467b69731940ff82a4ee0e218aae58834	/home/theo/dev/infotheory/configs/bench/two.json	a2181cf7f6579787b6fad37008a3aa9a6ef88363dc47a0e225d765d7b1ed207b	native	cli		2.801230278247886	19.68	19.28	0.38	194776	1
compress	rosa	expert	rosaplus	compress:rosa	1048576	2	11	rate-ac	4fb5efa9f35df431737731bf3c8f38a467b69731940ff82a4ee0e218aae58834	/home/theo/dev/infotheory/configs/bench/two.json	a2181cf7f6579787b6fad37008a3aa9a6ef88363dc47a0e225d765d7b1ed207b	native	cli	306522		3.84	3.81	0.02	146176	1
decompress	rosa	expert	rosaplus	decompress:rosa	1048576	2	11	rate-ac	4fb5efa9f35df431737731bf3c8f38a467b69731940ff82a4ee0e218aae58834	/home/theo/dev/infotheory/configs/bench/two.json	a2181cf7f6579787b6fad37008a3aa9a6ef88363dc47a0e225d765d7b1ed207b	native	cli	306522		3.88	3.84	0.04	146428	1
h	match	expert	match	h:match	1048576	1	11	-	4fb5efa9f35df431737731bf3c8f38a467b69731940ff82a4ee0e218aae58834	/home/theo/dev/infotheory/configs/bench/two.json	a2181cf7f6579787b6fad37008a3aa9a6ef88363dc47a0e225d765d7b1ed207b	native	cli		6.236926355106452	0.13	0.13	0.00	12188	1
compress	match	expert	match	compress:match	1048576	1	11	rate-ac	4fb5efa9f35df431737731bf3c8f38a467b69731940ff82a4ee0e218aae58834	/home/theo/dev/infotheory/configs/bench/two.json	a2181cf7f6579787b6fad37008a3aa9a6ef88363dc47a0e225d765d7b1ed207b	native	cli	817505		0.52	0.51	0.00	12636	1
decompress	match	expert	match	decompress:match	1048576	1	11	rate-ac	4fb5efa9f35df431737731bf3c8f38a467b69731940ff82a4ee0e218aae58834	/home/theo/dev/infotheory/configs/bench/two.json	a2181cf7f6579787b6fad37008a3aa9a6ef88363dc47a0e225d765d7b1ed207b	native	cli	817505		0.54	0.54	0.00	11888	1
h	match	expert	match	h:match	1048576	2	11	-	4fb5efa9f35df431737731bf3c8f38a467b69731940ff82a4ee0e218aae58834	/home/theo/dev/infotheory/configs/bench/two.json	a2181cf7f6579787b6fad37008a3aa9a6ef88363dc47a0e225d765d7b1ed207b	native	cli		6.236926355106452	0.13	0.13	0.00	11896	1
compress	match	expert	match	compress:match	1048576	2	11	rate-ac	4fb5efa9f35df431737731bf3c8f38a467b69731940ff82a4ee0e218aae58834	/home/theo/dev/infotheory/configs/bench/two.json	a2181cf7f6579787b6fad37008a3aa9a6ef88363dc47a0e225d765d7b1ed207b	native	cli	817505		0.53	0.53	0.00	12684	1
decompress	match	expert	match	decompress:match	1048576	2	11	rate-ac	4fb5efa9f35df431737731bf3c8f38a467b69731940ff82a4ee0e218aae58834	/home/theo/dev/infotheory/configs/bench/two.json	a2181cf7f6579787b6fad37008a3aa9a6ef88363dc47a0e225d765d7b1ed207b	native	cli	817505		0.54	0.54	0.00	11940	1
h	rwkv7	expert	rwkv7	h:rwkv7	1048576	1	11	-	4fb5efa9f35df431737731bf3c8f38a467b69731940ff82a4ee0e218aae58834	/home/theo/dev/infotheory/configs/bench/two.json	a2181cf7f6579787b6fad37008a3aa9a6ef88363dc47a0e225d765d7b1ed207b	native	cli		3.6182904815139514	13.44	13.43	0.00	9728	1
compress	rwkv7	expert	rwkv7	compress:rwkv7	1048576	1	11	rate-ac	4fb5efa9f35df431737731bf3c8f38a467b69731940ff82a4ee0e218aae58834	/home/theo/dev/infotheory/configs/bench/two.json	a2181cf7f6579787b6fad37008a3aa9a6ef88363dc47a0e225d765d7b1ed207b	native	cli	474275		13.64	13.63	0.00	9996	1
decompress	rwkv7	expert	rwkv7	decompress:rwkv7	1048576	1	11	rate-ac	4fb5efa9f35df431737731bf3c8f38a467b69731940ff82a4ee0e218aae58834	/home/theo/dev/infotheory/configs/bench/two.json	a2181cf7f6579787b6fad37008a3aa9a6ef88363dc47a0e225d765d7b1ed207b	native	cli	474275		14.14	14.13	0.00	9380	1
h	rwkv7	expert	rwkv7	h:rwkv7	1048576	2	11	-	4fb5efa9f35df431737731bf3c8f38a467b69731940ff82a4ee0e218aae58834	/home/theo/dev/infotheory/configs/bench/two.json	a2181cf7f6579787b6fad37008a3aa9a6ef88363dc47a0e225d765d7b1ed207b	native	cli		3.6182904815139514	13.15	13.14	0.00	9724	1
compress	rwkv7	expert	rwkv7	compress:rwkv7	1048576	2	11	rate-ac	4fb5efa9f35df431737731bf3c8f38a467b69731940ff82a4ee0e218aae58834	/home/theo/dev/infotheory/configs/bench/two.json	a2181cf7f6579787b6fad37008a3aa9a6ef88363dc47a0e225d765d7b1ed207b	native	cli	474275		13.39	13.38	0.00	9980	1
decompress	rwkv7	expert	rwkv7	decompress:rwkv7	1048576	2	11	rate-ac	4fb5efa9f35df431737731bf3c8f38a467b69731940ff82a4ee0e218aae58834	/home/theo/dev/infotheory/configs/bench/two.json	a2181cf7f6579787b6fad37008a3aa9a6ef88363dc47a0e225d765d7b1ed207b	native	cli	474275		13.87	13.86	0.00	9288	1
h	neural_mixture	mixture	neural-mixture	h:neural_mixture	2097152	1	11	-	9dd214e64458c0c36f75a6100aed1a90a7b76ff9dfbb85dc032dea17a1963f50	/home/theo/dev/infotheory/configs/bench/two.json	a2181cf7f6579787b6fad37008a3aa9a6ef88363dc47a0e225d765d7b1ed207b	native	cli		1.9206985464400694	86.51	85.95	0.47	1011720	1
compress	neural_mixture	mixture	neural-mixture	compress:neural_mixture	2097152	1	11	rate-ac	9dd214e64458c0c36f75a6100aed1a90a7b76ff9dfbb85dc032dea17a1963f50	/home/theo/dev/infotheory/configs/bench/two.json	a2181cf7f6579787b6fad37008a3aa9a6ef88363dc47a0e225d765d7b1ed207b	native	cli	503520		95.66	95.05	0.52	1017140	1
decompress	neural_mixture	mixture	neural-mixture	decompress:neural_mixture	2097152	1	11	rate-ac	9dd214e64458c0c36f75a6100aed1a90a7b76ff9dfbb85dc032dea17a1963f50	/home/theo/dev/infotheory/configs/bench/two.json	a2181cf7f6579787b6fad37008a3aa9a6ef88363dc47a0e225d765d7b1ed207b	native	cli	503520		96.01	95.48	0.43	999676	1
h	neural_mixture	mixture	neural-mixture	h:neural_mixture	2097152	2	11	-	9dd214e64458c0c36f75a6100aed1a90a7b76ff9dfbb85dc032dea17a1963f50	/home/theo/dev/infotheory/configs/bench/two.json	a2181cf7f6579787b6fad37008a3aa9a6ef88363dc47a0e225d765d7b1ed207b	native	cli		1.9206985464400694	86.41	85.90	0.43	1011616	1
compress	neural_mixture	mixture	neural-mixture	compress:neural_mixture	2097152	2	11	rate-ac	9dd214e64458c0c36f75a6100aed1a90a7b76ff9dfbb85dc032dea17a1963f50	/home/theo/dev/infotheory/configs/bench/two.json	a2181cf7f6579787b6fad37008a3aa9a6ef88363dc47a0e225d765d7b1ed207b	native	cli	503520		95.75	95.18	0.47	1016952	1
decompress	neural_mixture	mixture	neural-mixture	decompress:neural_mixture	2097152	2	11	rate-ac	9dd214e64458c0c36f75a6100aed1a90a7b76ff9dfbb85dc032dea17a1963f50	/home/theo/dev/infotheory/configs/bench/two.json	a2181cf7f6579787b6fad37008a3aa9a6ef88363dc47a0e225d765d7b1ed207b	native	cli	503520		95.92	95.42	0.41	999576	1
h	fac-ctw	expert	fac-ctw	h:fac-ctw	2097152	1	11	-	9dd214e64458c0c36f75a6100aed1a90a7b76ff9dfbb85dc032dea17a1963f50	/home/theo/dev/infotheory/configs/bench/two.json	a2181cf7f6579787b6fad37008a3aa9a6ef88363dc47a0e225d765d7b1ed207b	native	cli		2.277315456609421	26.08	25.97	0.08	185652	1
compress	fac-ctw	expert	fac-ctw	compress:fac-ctw	2097152	1	11	rate-ac	9dd214e64458c0c36f75a6100aed1a90a7b76ff9dfbb85dc032dea17a1963f50	/home/theo/dev/infotheory/configs/bench/two.json	a2181cf7f6579787b6fad37008a3aa9a6ef88363dc47a0e225d765d7b1ed207b	native	cli	597003		33.24	33.11	0.09	186784	1
decompress	fac-ctw	expert	fac-ctw	decompress:fac-ctw	2097152	1	11	rate-ac	9dd214e64458c0c36f75a6100aed1a90a7b76ff9dfbb85dc032dea17a1963f50	/home/theo/dev/infotheory/configs/bench/two.json	a2181cf7f6579787b6fad37008a3aa9a6ef88363dc47a0e225d765d7b1ed207b	native	cli	597003		33.40	33.30	0.07	186064	1
h	fac-ctw	expert	fac-ctw	h:fac-ctw	2097152	2	11	-	9dd214e64458c0c36f75a6100aed1a90a7b76ff9dfbb85dc032dea17a1963f50	/home/theo/dev/infotheory/configs/bench/two.json	a2181cf7f6579787b6fad37008a3aa9a6ef88363dc47a0e225d765d7b1ed207b	native	cli		2.277315456609421	26.10	26.00	0.08	185568	1
compress	fac-ctw	expert	fac-ctw	compress:fac-ctw	2097152	2	11	rate-ac	9dd214e64458c0c36f75a6100aed1a90a7b76ff9dfbb85dc032dea17a1963f50	/home/theo/dev/infotheory/configs/bench/two.json	a2181cf7f6579787b6fad37008a3aa9a6ef88363dc47a0e225d765d7b1ed207b	native	cli	597003		33.23	33.11	0.09	186512	1
decompress	fac-ctw	expert	fac-ctw	decompress:fac-ctw	2097152	2	11	rate-ac	9dd214e64458c0c36f75a6100aed1a90a7b76ff9dfbb85dc032dea17a1963f50	/home/theo/dev/infotheory/configs/bench/two.json	a2181cf7f6579787b6fad37008a3aa9a6ef88363dc47a0e225d765d7b1ed207b	native	cli	597003		33.33	33.22	0.07	186116	1
h	ppmd	expert	ppmd	h:ppmd	2097152	1	11	-	9dd214e64458c0c36f75a6100aed1a90a7b76ff9dfbb85dc032dea17a1963f50	/home/theo/dev/infotheory/configs/bench/two.json	a2181cf7f6579787b6fad37008a3aa9a6ef88363dc47a0e225d765d7b1ed207b	native	cli		2.525080573022069	4.96	4.78	0.17	434228	1
compress	ppmd	expert	ppmd	compress:ppmd	2097152	1	11	rate-ac	9dd214e64458c0c36f75a6100aed1a90a7b76ff9dfbb85dc032dea17a1963f50	/home/theo/dev/infotheory/configs/bench/two.json	a2181cf7f6579787b6fad37008a3aa9a6ef88363dc47a0e225d765d7b1ed207b	native	cli	661953		5.77	5.58	0.18	434388	1
decompress	ppmd	expert	ppmd	decompress:ppmd	2097152	1	11	rate-ac	9dd214e64458c0c36f75a6100aed1a90a7b76ff9dfbb85dc032dea17a1963f50	/home/theo/dev/infotheory/configs/bench/two.json	a2181cf7f6579787b6fad37008a3aa9a6ef88363dc47a0e225d765d7b1ed207b	native	cli	661953		5.78	5.55	0.21	435020	1
h	ppmd	expert	ppmd	h:ppmd	2097152	2	11	-	9dd214e64458c0c36f75a6100aed1a90a7b76ff9dfbb85dc032dea17a1963f50	/home/theo/dev/infotheory/configs/bench/two.json	a2181cf7f6579787b6fad37008a3aa9a6ef88363dc47a0e225d765d7b1ed207b	native	cli		2.525080573022069	4.96	4.71	0.24	434228	1
compress	ppmd	expert	ppmd	compress:ppmd	2097152	2	11	rate-ac	9dd214e64458c0c36f75a6100aed1a90a7b76ff9dfbb85dc032dea17a1963f50	/home/theo/dev/infotheory/configs/bench/two.json	a2181cf7f6579787b6fad37008a3aa9a6ef88363dc47a0e225d765d7b1ed207b	native	cli	661953		5.70	5.49	0.19	434460	1
decompress	ppmd	expert	ppmd	decompress:ppmd	2097152	2	11	rate-ac	9dd214e64458c0c36f75a6100aed1a90a7b76ff9dfbb85dc032dea17a1963f50	/home/theo/dev/infotheory/configs/bench/two.json	a2181cf7f6579787b6fad37008a3aa9a6ef88363dc47a0e225d765d7b1ed207b	native	cli	661953		5.75	5.52	0.23	435044	1
h	rosa	expert	rosaplus	h:rosa	2097152	1	11	-	9dd214e64458c0c36f75a6100aed1a90a7b76ff9dfbb85dc032dea17a1963f50	/home/theo/dev/infotheory/configs/bench/two.json	a2181cf7f6579787b6fad37008a3aa9a6ef88363dc47a0e225d765d7b1ed207b	native	cli		2.704371387016519	47.26	45.56	1.65	317332	1
compress	rosa	expert	rosaplus	compress:rosa	2097152	1	11	rate-ac	9dd214e64458c0c36f75a6100aed1a90a7b76ff9dfbb85dc032dea17a1963f50	/home/theo/dev/infotheory/configs/bench/two.json	a2181cf7f6579787b6fad37008a3aa9a6ef88363dc47a0e225d765d7b1ed207b	native	cli	608681		9.31	9.19	0.11	281596	1
decompress	rosa	expert	rosaplus	decompress:rosa	2097152	1	11	rate-ac	9dd214e64458c0c36f75a6100aed1a90a7b76ff9dfbb85dc032dea17a1963f50	/home/theo/dev/infotheory/configs/bench/two.json	a2181cf7f6579787b6fad37008a3aa9a6ef88363dc47a0e225d765d7b1ed207b	native	cli	608681		9.46	9.37	0.07	278232	1
h	rosa	expert	rosaplus	h:rosa	2097152	2	11	-	9dd214e64458c0c36f75a6100aed1a90a7b76ff9dfbb85dc032dea17a1963f50	/home/theo/dev/infotheory/configs/bench/two.json	a2181cf7f6579787b6fad37008a3aa9a6ef88363dc47a0e225d765d7b1ed207b	native	cli		2.704371387016519	47.30	45.60	1.65	317352	1
compress	rosa	expert	rosaplus	compress:rosa	2097152	2	11	rate-ac	9dd214e64458c0c36f75a6100aed1a90a7b76ff9dfbb85dc032dea17a1963f50	/home/theo/dev/infotheory/configs/bench/two.json	a2181cf7f6579787b6fad37008a3aa9a6ef88363dc47a0e225d765d7b1ed207b	native	cli	608681		9.29	9.14	0.13	281632	1
decompress	rosa	expert	rosaplus	decompress:rosa	2097152	2	11	rate-ac	9dd214e64458c0c36f75a6100aed1a90a7b76ff9dfbb85dc032dea17a1963f50	/home/theo/dev/infotheory/configs/bench/two.json	a2181cf7f6579787b6fad37008a3aa9a6ef88363dc47a0e225d765d7b1ed207b	native	cli	608681		9.42	9.32	0.08	278216	1
h	match	expert	match	h:match	2097152	1	11	-	9dd214e64458c0c36f75a6100aed1a90a7b76ff9dfbb85dc032dea17a1963f50	/home/theo/dev/infotheory/configs/bench/two.json	a2181cf7f6579787b6fad37008a3aa9a6ef88363dc47a0e225d765d7b1ed207b	native	cli		6.274177264896603	0.27	0.27	0.00	19820	1
compress	match	expert	match	compress:match	2097152	1	11	rate-ac	9dd214e64458c0c36f75a6100aed1a90a7b76ff9dfbb85dc032dea17a1963f50	/home/theo/dev/infotheory/configs/bench/two.json	a2181cf7f6579787b6fad37008a3aa9a6ef88363dc47a0e225d765d7b1ed207b	native	cli	1644756		1.06	1.05	0.00	22628	1
decompress	match	expert	match	decompress:match	2097152	1	11	rate-ac	9dd214e64458c0c36f75a6100aed1a90a7b76ff9dfbb85dc032dea17a1963f50	/home/theo/dev/infotheory/configs/bench/two.json	a2181cf7f6579787b6fad37008a3aa9a6ef88363dc47a0e225d765d7b1ed207b	native	cli	1644756		1.11	1.10	0.00	20528	1
h	match	expert	match	h:match	2097152	2	11	-	9dd214e64458c0c36f75a6100aed1a90a7b76ff9dfbb85dc032dea17a1963f50	/home/theo/dev/infotheory/configs/bench/two.json	a2181cf7f6579787b6fad37008a3aa9a6ef88363dc47a0e225d765d7b1ed207b	native	cli		6.274177264896603	0.27	0.27	0.00	19888	1
compress	match	expert	match	compress:match	2097152	2	11	rate-ac	9dd214e64458c0c36f75a6100aed1a90a7b76ff9dfbb85dc032dea17a1963f50	/home/theo/dev/infotheory/configs/bench/two.json	a2181cf7f6579787b6fad37008a3aa9a6ef88363dc47a0e225d765d7b1ed207b	native	cli	1644756		1.06	1.05	0.01	22352	1
decompress	match	expert	match	decompress:match	2097152	2	11	rate-ac	9dd214e64458c0c36f75a6100aed1a90a7b76ff9dfbb85dc032dea17a1963f50	/home/theo/dev/infotheory/configs/bench/two.json	a2181cf7f6579787b6fad37008a3aa9a6ef88363dc47a0e225d765d7b1ed207b	native	cli	1644756		1.11	1.10	0.01	20504	1
h	rwkv7	expert	rwkv7	h:rwkv7	2097152	1	11	-	9dd214e64458c0c36f75a6100aed1a90a7b76ff9dfbb85dc032dea17a1963f50	/home/theo/dev/infotheory/configs/bench/two.json	a2181cf7f6579787b6fad37008a3aa9a6ef88363dc47a0e225d765d7b1ed207b	native	cli		3.498336499657132	26.82	26.81	0.00	10684	1
compress	rwkv7	expert	rwkv7	compress:rwkv7	2097152	1	11	rate-ac	9dd214e64458c0c36f75a6100aed1a90a7b76ff9dfbb85dc032dea17a1963f50	/home/theo/dev/infotheory/configs/bench/two.json	a2181cf7f6579787b6fad37008a3aa9a6ef88363dc47a0e225d765d7b1ed207b	native	cli	917086		27.61	27.59	0.00	11812	1
decompress	rwkv7	expert	rwkv7	decompress:rwkv7	2097152	1	11	rate-ac	9dd214e64458c0c36f75a6100aed1a90a7b76ff9dfbb85dc032dea17a1963f50	/home/theo/dev/infotheory/configs/bench/two.json	a2181cf7f6579787b6fad37008a3aa9a6ef88363dc47a0e225d765d7b1ed207b	native	cli	917086		27.90	27.87	0.00	10912	1
h	rwkv7	expert	rwkv7	h:rwkv7	2097152	2	11	-	9dd214e64458c0c36f75a6100aed1a90a7b76ff9dfbb85dc032dea17a1963f50	/home/theo/dev/infotheory/configs/bench/two.json	a2181cf7f6579787b6fad37008a3aa9a6ef88363dc47a0e225d765d7b1ed207b	native	cli		3.498336499657132	27.06	27.05	0.00	10912	1
compress	rwkv7	expert	rwkv7	compress:rwkv7	2097152	2	11	rate-ac	9dd214e64458c0c36f75a6100aed1a90a7b76ff9dfbb85dc032dea17a1963f50	/home/theo/dev/infotheory/configs/bench/two.json	a2181cf7f6579787b6fad37008a3aa9a6ef88363dc47a0e225d765d7b1ed207b	native	cli	917086		27.66	27.64	0.00	12056	1
decompress	rwkv7	expert	rwkv7	decompress:rwkv7	2097152	2	11	rate-ac	9dd214e64458c0c36f75a6100aed1a90a7b76ff9dfbb85dc032dea17a1963f50	/home/theo/dev/infotheory/configs/bench/two.json	a2181cf7f6579787b6fad37008a3aa9a6ef88363dc47a0e225d765d7b1ed207b	native	cli	917086		28.06	28.04	0.00	10912	1
h	neural_mixture	mixture	neural-mixture	h:neural_mixture	4194304	1	11	-	5ba647fec2ba51b0383cbe7147e15a478d85613245b7131c41764dbdd5062f77	/home/theo/dev/infotheory/configs/bench/two.json	a2181cf7f6579787b6fad37008a3aa9a6ef88363dc47a0e225d765d7b1ed207b	native	cli		1.8850967052831877	183.73	182.94	0.62	1394212	1
compress	neural_mixture	mixture	neural-mixture	compress:neural_mixture	4194304	1	11	rate-ac	5ba647fec2ba51b0383cbe7147e15a478d85613245b7131c41764dbdd5062f77	/home/theo/dev/infotheory/configs/bench/two.json	a2181cf7f6579787b6fad37008a3aa9a6ef88363dc47a0e225d765d7b1ed207b	native	cli	988355		204.77	203.90	0.67	1407032	1
decompress	neural_mixture	mixture	neural-mixture	decompress:neural_mixture	4194304	1	11	rate-ac	5ba647fec2ba51b0383cbe7147e15a478d85613245b7131c41764dbdd5062f77	/home/theo/dev/infotheory/configs/bench/two.json	a2181cf7f6579787b6fad37008a3aa9a6ef88363dc47a0e225d765d7b1ed207b	native	cli	988355		205.12	204.31	0.60	1393856	1
h	neural_mixture	mixture	neural-mixture	h:neural_mixture	4194304	2	11	-	5ba647fec2ba51b0383cbe7147e15a478d85613245b7131c41764dbdd5062f77	/home/theo/dev/infotheory/configs/bench/two.json	a2181cf7f6579787b6fad37008a3aa9a6ef88363dc47a0e225d765d7b1ed207b	native	cli		1.8850967052831877	183.82	182.99	0.67	1394372	1
compress	neural_mixture	mixture	neural-mixture	compress:neural_mixture	4194304	2	11	rate-ac	5ba647fec2ba51b0383cbe7147e15a478d85613245b7131c41764dbdd5062f77	/home/theo/dev/infotheory/configs/bench/two.json	a2181cf7f6579787b6fad37008a3aa9a6ef88363dc47a0e225d765d7b1ed207b	native	cli	988355		205.03	204.20	0.63	1407052	1
decompress	neural_mixture	mixture	neural-mixture	decompress:neural_mixture	4194304	2	11	rate-ac	5ba647fec2ba51b0383cbe7147e15a478d85613245b7131c41764dbdd5062f77	/home/theo/dev/infotheory/configs/bench/two.json	a2181cf7f6579787b6fad37008a3aa9a6ef88363dc47a0e225d765d7b1ed207b	native	cli	988355		205.14	204.30	0.64	1380620	1
h	fac-ctw	expert	fac-ctw	h:fac-ctw	4194304	1	11	-	5ba647fec2ba51b0383cbe7147e15a478d85613245b7131c41764dbdd5062f77	/home/theo/dev/infotheory/configs/bench/two.json	a2181cf7f6579787b6fad37008a3aa9a6ef88363dc47a0e225d765d7b1ed207b	native	cli		2.246749307224066	57.49	57.29	0.15	298232	1
compress	fac-ctw	expert	fac-ctw	compress:fac-ctw	4194304	1	11	rate-ac	5ba647fec2ba51b0383cbe7147e15a478d85613245b7131c41764dbdd5062f77	/home/theo/dev/infotheory/configs/bench/two.json	a2181cf7f6579787b6fad37008a3aa9a6ef88363dc47a0e225d765d7b1ed207b	native	cli	1177962		70.41	70.22	0.13	300768	1
decompress	fac-ctw	expert	fac-ctw	decompress:fac-ctw	4194304	1	11	rate-ac	5ba647fec2ba51b0383cbe7147e15a478d85613245b7131c41764dbdd5062f77	/home/theo/dev/infotheory/configs/bench/two.json	a2181cf7f6579787b6fad37008a3aa9a6ef88363dc47a0e225d765d7b1ed207b	native	cli	1177962		70.32	70.14	0.11	299680	1
h	fac-ctw	expert	fac-ctw	h:fac-ctw	4194304	2	11	-	5ba647fec2ba51b0383cbe7147e15a478d85613245b7131c41764dbdd5062f77	/home/theo/dev/infotheory/configs/bench/two.json	a2181cf7f6579787b6fad37008a3aa9a6ef88363dc47a0e225d765d7b1ed207b	native	cli		2.246749307224066	57.49	57.26	0.18	298452	1
compress	fac-ctw	expert	fac-ctw	compress:fac-ctw	4194304	2	11	rate-ac	5ba647fec2ba51b0383cbe7147e15a478d85613245b7131c41764dbdd5062f77	/home/theo/dev/infotheory/configs/bench/two.json	a2181cf7f6579787b6fad37008a3aa9a6ef88363dc47a0e225d765d7b1ed207b	native	cli	1177962		70.33	70.11	0.15	300512	1
decompress	fac-ctw	expert	fac-ctw	decompress:fac-ctw	4194304	2	11	rate-ac	5ba647fec2ba51b0383cbe7147e15a478d85613245b7131c41764dbdd5062f77	/home/theo/dev/infotheory/configs/bench/two.json	a2181cf7f6579787b6fad37008a3aa9a6ef88363dc47a0e225d765d7b1ed207b	native	cli	1177962		70.45	70.26	0.13	299560	1
h	ppmd	expert	ppmd	h:ppmd	4194304	1	11	-	5ba647fec2ba51b0383cbe7147e15a478d85613245b7131c41764dbdd5062f77	/home/theo/dev/infotheory/configs/bench/two.json	a2181cf7f6579787b6fad37008a3aa9a6ef88363dc47a0e225d765d7b1ed207b	native	cli		2.5353209835043775	10.05	9.81	0.22	436300	1
compress	ppmd	expert	ppmd	compress:ppmd	4194304	1	11	rate-ac	5ba647fec2ba51b0383cbe7147e15a478d85613245b7131c41764dbdd5062f77	/home/theo/dev/infotheory/configs/bench/two.json	a2181cf7f6579787b6fad37008a3aa9a6ef88363dc47a0e225d765d7b1ed207b	native	cli	1329257		11.49	11.26	0.22	436316	1
decompress	ppmd	expert	ppmd	decompress:ppmd	4194304	1	11	rate-ac	5ba647fec2ba51b0383cbe7147e15a478d85613245b7131c41764dbdd5062f77	/home/theo/dev/infotheory/configs/bench/two.json	a2181cf7f6579787b6fad37008a3aa9a6ef88363dc47a0e225d765d7b1ed207b	native	cli	1329257		11.62	11.41	0.19	435836	1
h	ppmd	expert	ppmd	h:ppmd	4194304	2	11	-	5ba647fec2ba51b0383cbe7147e15a478d85613245b7131c41764dbdd5062f77	/home/theo/dev/infotheory/configs/bench/two.json	a2181cf7f6579787b6fad37008a3aa9a6ef88363dc47a0e225d765d7b1ed207b	native	cli		2.5353209835043775	10.07	9.85	0.20	436304	1
compress	ppmd	expert	ppmd	compress:ppmd	4194304	2	11	rate-ac	5ba647fec2ba51b0383cbe7147e15a478d85613245b7131c41764dbdd5062f77	/home/theo/dev/infotheory/configs/bench/two.json	a2181cf7f6579787b6fad37008a3aa9a6ef88363dc47a0e225d765d7b1ed207b	native	cli	1329257		11.59	11.37	0.21	436784	1
decompress	ppmd	expert	ppmd	decompress:ppmd	4194304	2	11	rate-ac	5ba647fec2ba51b0383cbe7147e15a478d85613245b7131c41764dbdd5062f77	/home/theo/dev/infotheory/configs/bench/two.json	a2181cf7f6579787b6fad37008a3aa9a6ef88363dc47a0e225d765d7b1ed207b	native	cli	1329257		11.68	11.44	0.22	435636	1
h	rosa	expert	rosaplus	h:rosa	4194304	1	11	-	5ba647fec2ba51b0383cbe7147e15a478d85613245b7131c41764dbdd5062f77	/home/theo/dev/infotheory/configs/bench/two.json	a2181cf7f6579787b6fad37008a3aa9a6ef88363dc47a0e225d765d7b1ed207b	native	cli		2.62099230176433	113.53	108.84	4.55	626396	1
compress	rosa	expert	rosaplus	compress:rosa	4194304	1	11	rate-ac	5ba647fec2ba51b0383cbe7147e15a478d85613245b7131c41764dbdd5062f77	/home/theo/dev/infotheory/configs/bench/two.json	a2181cf7f6579787b6fad37008a3aa9a6ef88363dc47a0e225d765d7b1ed207b	native	cli	1199345		23.16	22.93	0.21	538360	1
decompress	rosa	expert	rosaplus	decompress:rosa	4194304	1	11	rate-ac	5ba647fec2ba51b0383cbe7147e15a478d85613245b7131c41764dbdd5062f77	/home/theo/dev/infotheory/configs/bench/two.json	a2181cf7f6579787b6fad37008a3aa9a6ef88363dc47a0e225d765d7b1ed207b	native	cli	1199345		23.62	23.41	0.19	535924	1
h	rosa	expert	rosaplus	h:rosa	4194304	2	11	-	5ba647fec2ba51b0383cbe7147e15a478d85613245b7131c41764dbdd5062f77	/home/theo/dev/infotheory/configs/bench/two.json	a2181cf7f6579787b6fad37008a3aa9a6ef88363dc47a0e225d765d7b1ed207b	native	cli		2.62099230176433	113.59	108.85	4.61	626388	1
compress	rosa	expert	rosaplus	compress:rosa	4194304	2	11	rate-ac	5ba647fec2ba51b0383cbe7147e15a478d85613245b7131c41764dbdd5062f77	/home/theo/dev/infotheory/configs/bench/two.json	a2181cf7f6579787b6fad37008a3aa9a6ef88363dc47a0e225d765d7b1ed207b	native	cli	1199345		23.44	23.16	0.26	538168	1
decompress	rosa	expert	rosaplus	decompress:rosa	4194304	2	11	rate-ac	5ba647fec2ba51b0383cbe7147e15a478d85613245b7131c41764dbdd5062f77	/home/theo/dev/infotheory/configs/bench/two.json	a2181cf7f6579787b6fad37008a3aa9a6ef88363dc47a0e225d765d7b1ed207b	native	cli	1199345		23.54	23.29	0.23	535744	1
h	match	expert	match	h:match	4194304	1	11	-	5ba647fec2ba51b0383cbe7147e15a478d85613245b7131c41764dbdd5062f77	/home/theo/dev/infotheory/configs/bench/two.json	a2181cf7f6579787b6fad37008a3aa9a6ef88363dc47a0e225d765d7b1ed207b	native	cli		6.280388008990573	0.54	0.53	0.01	21736	1
compress	match	expert	match	compress:match	4194304	1	11	rate-ac	5ba647fec2ba51b0383cbe7147e15a478d85613245b7131c41764dbdd5062f77	/home/theo/dev/infotheory/configs/bench/two.json	a2181cf7f6579787b6fad37008a3aa9a6ef88363dc47a0e225d765d7b1ed207b	native	cli	3292751		2.15	2.14	0.01	29556	1
decompress	match	expert	match	decompress:match	4194304	1	11	rate-ac	5ba647fec2ba51b0383cbe7147e15a478d85613245b7131c41764dbdd5062f77	/home/theo/dev/infotheory/configs/bench/two.json	a2181cf7f6579787b6fad37008a3aa9a6ef88363dc47a0e225d765d7b1ed207b	native	cli	3292751		2.21	2.20	0.00	24260	1
h	match	expert	match	h:match	4194304	2	11	-	5ba647fec2ba51b0383cbe7147e15a478d85613245b7131c41764dbdd5062f77	/home/theo/dev/infotheory/configs/bench/two.json	a2181cf7f6579787b6fad37008a3aa9a6ef88363dc47a0e225d765d7b1ed207b	native	cli		6.280388008990573	0.57	0.57	0.00	21724	1
compress	match	expert	match	compress:match	4194304	2	11	rate-ac	5ba647fec2ba51b0383cbe7147e15a478d85613245b7131c41764dbdd5062f77	/home/theo/dev/infotheory/configs/bench/two.json	a2181cf7f6579787b6fad37008a3aa9a6ef88363dc47a0e225d765d7b1ed207b	native	cli	3292751		2.12	2.11	0.00	29416	1
decompress	match	expert	match	decompress:match	4194304	2	11	rate-ac	5ba647fec2ba51b0383cbe7147e15a478d85613245b7131c41764dbdd5062f77	/home/theo/dev/infotheory/configs/bench/two.json	a2181cf7f6579787b6fad37008a3aa9a6ef88363dc47a0e225d765d7b1ed207b	native	cli	3292751		2.20	2.19	0.00	24208	1
h	rwkv7	expert	rwkv7	h:rwkv7	4194304	1	11	-	5ba647fec2ba51b0383cbe7147e15a478d85613245b7131c41764dbdd5062f77	/home/theo/dev/infotheory/configs/bench/two.json	a2181cf7f6579787b6fad37008a3aa9a6ef88363dc47a0e225d765d7b1ed207b	native	cli		3.3357009871104677	53.99	53.95	0.00	12864	1
compress	rwkv7	expert	rwkv7	compress:rwkv7	4194304	1	11	rate-ac	5ba647fec2ba51b0383cbe7147e15a478d85613245b7131c41764dbdd5062f77	/home/theo/dev/infotheory/configs/bench/two.json	a2181cf7f6579787b6fad37008a3aa9a6ef88363dc47a0e225d765d7b1ed207b	native	cli	1748887		55.62	55.58	0.00	15584	1
decompress	rwkv7	expert	rwkv7	decompress:rwkv7	4194304	1	11	rate-ac	5ba647fec2ba51b0383cbe7147e15a478d85613245b7131c41764dbdd5062f77	/home/theo/dev/infotheory/configs/bench/two.json	a2181cf7f6579787b6fad37008a3aa9a6ef88363dc47a0e225d765d7b1ed207b	native	cli	1748887		56.60	56.56	0.00	13804	1
h	rwkv7	expert	rwkv7	h:rwkv7	4194304	2	11	-	5ba647fec2ba51b0383cbe7147e15a478d85613245b7131c41764dbdd5062f77	/home/theo/dev/infotheory/configs/bench/two.json	a2181cf7f6579787b6fad37008a3aa9a6ef88363dc47a0e225d765d7b1ed207b	native	cli		3.3357009871104677	54.24	54.20	0.00	12584	1
compress	rwkv7	expert	rwkv7	compress:rwkv7	4194304	2	11	rate-ac	5ba647fec2ba51b0383cbe7147e15a478d85613245b7131c41764dbdd5062f77	/home/theo/dev/infotheory/configs/bench/two.json	a2181cf7f6579787b6fad37008a3aa9a6ef88363dc47a0e225d765d7b1ed207b	native	cli	1748887		55.23	55.19	0.00	15584	1
decompress	rwkv7	expert	rwkv7	decompress:rwkv7	4194304	2	11	rate-ac	5ba647fec2ba51b0383cbe7147e15a478d85613245b7131c41764dbdd5062f77	/home/theo/dev/infotheory/configs/bench/two.json	a2181cf7f6579787b6fad37008a3aa9a6ef88363dc47a0e225d765d7b1ed207b	native	cli	1748887		56.12	56.09	0.00	13780	1
h	neural_mixture	mixture	neural-mixture	h:neural_mixture	10000000	1	11	-	5985c81c39d927ae0e169625790ca4d9e7d1531270c8b09ad73176a375bb3d97	/home/theo/dev/infotheory/configs/bench/two.json	a2181cf7f6579787b6fad37008a3aa9a6ef88363dc47a0e225d765d7b1ed207b	native	cli		1.8161754737084215	473.22	471.49	1.27	2510660	1
compress	neural_mixture	mixture	neural-mixture	compress:neural_mixture	10000000	1	11	rate-ac	5985c81c39d927ae0e169625790ca4d9e7d1531270c8b09ad73176a375bb3d97	/home/theo/dev/infotheory/configs/bench/two.json	a2181cf7f6579787b6fad37008a3aa9a6ef88363dc47a0e225d765d7b1ed207b	native	cli	2270248		531.77	530.06	1.17	2487508	1
decompress	neural_mixture	mixture	neural-mixture	decompress:neural_mixture	10000000	1	11	rate-ac	5985c81c39d927ae0e169625790ca4d9e7d1531270c8b09ad73176a375bb3d97	/home/theo/dev/infotheory/configs/bench/two.json	a2181cf7f6579787b6fad37008a3aa9a6ef88363dc47a0e225d765d7b1ed207b	native	cli	2270248		534.82	532.92	1.37	2508208	1
h	neural_mixture	mixture	neural-mixture	h:neural_mixture	10000000	2	11	-	5985c81c39d927ae0e169625790ca4d9e7d1531270c8b09ad73176a375bb3d97	/home/theo/dev/infotheory/configs/bench/two.json	a2181cf7f6579787b6fad37008a3aa9a6ef88363dc47a0e225d765d7b1ed207b	native	cli		1.8161754737084215	471.49	469.84	1.20	2510796	1
compress	neural_mixture	mixture	neural-mixture	compress:neural_mixture	10000000	2	11	rate-ac	5985c81c39d927ae0e169625790ca4d9e7d1531270c8b09ad73176a375bb3d97	/home/theo/dev/infotheory/configs/bench/two.json	a2181cf7f6579787b6fad37008a3aa9a6ef88363dc47a0e225d765d7b1ed207b	native	cli	2270248		533.19	531.37	1.27	2487500	1
decompress	neural_mixture	mixture	neural-mixture	decompress:neural_mixture	10000000	2	11	rate-ac	5985c81c39d927ae0e169625790ca4d9e7d1531270c8b09ad73176a375bb3d97	/home/theo/dev/infotheory/configs/bench/two.json	a2181cf7f6579787b6fad37008a3aa9a6ef88363dc47a0e225d765d7b1ed207b	native	cli	2270248		534.15	532.44	1.19	2508236	1
h	fac-ctw	expert	fac-ctw	h:fac-ctw	10000000	1	11	-	5985c81c39d927ae0e169625790ca4d9e7d1531270c8b09ad73176a375bb3d97	/home/theo/dev/infotheory/configs/bench/two.json	a2181cf7f6579787b6fad37008a3aa9a6ef88363dc47a0e225d765d7b1ed207b	native	cli		2.1974739848061873	152.98	152.59	0.26	540976	1
compress	fac-ctw	expert	fac-ctw	compress:fac-ctw	10000000	1	11	rate-ac	5985c81c39d927ae0e169625790ca4d9e7d1531270c8b09ad73176a375bb3d97	/home/theo/dev/infotheory/configs/bench/two.json	a2181cf7f6579787b6fad37008a3aa9a6ef88363dc47a0e225d765d7b1ed207b	native	cli	2746861		178.16	177.73	0.28	546328	1
decompress	fac-ctw	expert	fac-ctw	decompress:fac-ctw	10000000	1	11	rate-ac	5985c81c39d927ae0e169625790ca4d9e7d1531270c8b09ad73176a375bb3d97	/home/theo/dev/infotheory/configs/bench/two.json	a2181cf7f6579787b6fad37008a3aa9a6ef88363dc47a0e225d765d7b1ed207b	native	cli	2746861		179.32	178.88	0.28	543820	1
h	fac-ctw	expert	fac-ctw	h:fac-ctw	10000000	2	11	-	5985c81c39d927ae0e169625790ca4d9e7d1531270c8b09ad73176a375bb3d97	/home/theo/dev/infotheory/configs/bench/two.json	a2181cf7f6579787b6fad37008a3aa9a6ef88363dc47a0e225d765d7b1ed207b	native	cli		2.1974739848061873	153.12	152.74	0.25	541128	1
compress	fac-ctw	expert	fac-ctw	compress:fac-ctw	10000000	2	11	rate-ac	5985c81c39d927ae0e169625790ca4d9e7d1531270c8b09ad73176a375bb3d97	/home/theo/dev/infotheory/configs/bench/two.json	a2181cf7f6579787b6fad37008a3aa9a6ef88363dc47a0e225d765d7b1ed207b	native	cli	2746861		178.84	178.36	0.32	546352	1
decompress	fac-ctw	expert	fac-ctw	decompress:fac-ctw	10000000	2	11	rate-ac	5985c81c39d927ae0e169625790ca4d9e7d1531270c8b09ad73176a375bb3d97	/home/theo/dev/infotheory/configs/bench/two.json	a2181cf7f6579787b6fad37008a3aa9a6ef88363dc47a0e225d765d7b1ed207b	native	cli	2746861		179.15	178.70	0.29	543836	1
h	ppmd	expert	ppmd	h:ppmd	10000000	1	11	-	5985c81c39d927ae0e169625790ca4d9e7d1531270c8b09ad73176a375bb3d97	/home/theo/dev/infotheory/configs/bench/two.json	a2181cf7f6579787b6fad37008a3aa9a6ef88363dc47a0e225d765d7b1ed207b	native	cli		2.523558147667331	24.25	23.94	0.29	550948	1
compress	ppmd	expert	ppmd	compress:ppmd	10000000	1	11	rate-ac	5985c81c39d927ae0e169625790ca4d9e7d1531270c8b09ad73176a375bb3d97	/home/theo/dev/infotheory/configs/bench/two.json	a2181cf7f6579787b6fad37008a3aa9a6ef88363dc47a0e225d765d7b1ed207b	native	cli	3154465		27.65	27.35	0.28	551004	1
decompress	ppmd	expert	ppmd	decompress:ppmd	10000000	1	11	rate-ac	5985c81c39d927ae0e169625790ca4d9e7d1531270c8b09ad73176a375bb3d97	/home/theo/dev/infotheory/configs/bench/two.json	a2181cf7f6579787b6fad37008a3aa9a6ef88363dc47a0e225d765d7b1ed207b	native	cli	3154465		28.16	27.86	0.27	552892	1
h	ppmd	expert	ppmd	h:ppmd	10000000	2	11	-	5985c81c39d927ae0e169625790ca4d9e7d1531270c8b09ad73176a375bb3d97	/home/theo/dev/infotheory/configs/bench/two.json	a2181cf7f6579787b6fad37008a3aa9a6ef88363dc47a0e225d765d7b1ed207b	native	cli		2.523558147667331	24.22	23.95	0.24	550876	1
compress	ppmd	expert	ppmd	compress:ppmd	10000000	2	11	rate-ac	5985c81c39d927ae0e169625790ca4d9e7d1531270c8b09ad73176a375bb3d97	/home/theo/dev/infotheory/configs/bench/two.json	a2181cf7f6579787b6fad37008a3aa9a6ef88363dc47a0e225d765d7b1ed207b	native	cli	3154465		28.05	27.78	0.25	551064	1
decompress	ppmd	expert	ppmd	decompress:ppmd	10000000	2	11	rate-ac	5985c81c39d927ae0e169625790ca4d9e7d1531270c8b09ad73176a375bb3d97	/home/theo/dev/infotheory/configs/bench/two.json	a2181cf7f6579787b6fad37008a3aa9a6ef88363dc47a0e225d765d7b1ed207b	native	cli	3154465		28.08	27.76	0.29	552888	1
h	rosa	expert	rosaplus	h:rosa	10000000	1	11	-	5985c81c39d927ae0e169625790ca4d9e7d1531270c8b09ad73176a375bb3d97	/home/theo/dev/infotheory/configs/bench/two.json	a2181cf7f6579787b6fad37008a3aa9a6ef88363dc47a0e225d765d7b1ed207b	native	cli		2.484818977912099	335.71	322.86	12.48	1422860	1
compress	rosa	expert	rosaplus	compress:rosa	10000000	1	11	rate-ac	5985c81c39d927ae0e169625790ca4d9e7d1531270c8b09ad73176a375bb3d97	/home/theo/dev/infotheory/configs/bench/two.json	a2181cf7f6579787b6fad37008a3aa9a6ef88363dc47a0e225d765d7b1ed207b	native	cli	2752778		73.83	73.26	0.50	1263648	1
decompress	rosa	expert	rosaplus	decompress:rosa	10000000	1	11	rate-ac	5985c81c39d927ae0e169625790ca4d9e7d1531270c8b09ad73176a375bb3d97	/home/theo/dev/infotheory/configs/bench/two.json	a2181cf7f6579787b6fad37008a3aa9a6ef88363dc47a0e225d765d7b1ed207b	native	cli	2752778		74.45	73.86	0.50	1262784	1
h	rosa	expert	rosaplus	h:rosa	10000000	2	11	-	5985c81c39d927ae0e169625790ca4d9e7d1531270c8b09ad73176a375bb3d97	/home/theo/dev/infotheory/configs/bench/two.json	a2181cf7f6579787b6fad37008a3aa9a6ef88363dc47a0e225d765d7b1ed207b	native	cli		2.484818977912099	336.15	323.39	12.39	1422852	1
compress	rosa	expert	rosaplus	compress:rosa	10000000	2	11	rate-ac	5985c81c39d927ae0e169625790ca4d9e7d1531270c8b09ad73176a375bb3d97	/home/theo/dev/infotheory/configs/bench/two.json	a2181cf7f6579787b6fad37008a3aa9a6ef88363dc47a0e225d765d7b1ed207b	native	cli	2752778		74.25	73.58	0.60	1263560	1
decompress	rosa	expert	rosaplus	decompress:rosa	10000000	2	11	rate-ac	5985c81c39d927ae0e169625790ca4d9e7d1531270c8b09ad73176a375bb3d97	/home/theo/dev/infotheory/configs/bench/two.json	a2181cf7f6579787b6fad37008a3aa9a6ef88363dc47a0e225d765d7b1ed207b	native	cli	2752778		75.01	74.37	0.57	1262688	1
h	match	expert	match	h:match	10000000	1	11	-	5985c81c39d927ae0e169625790ca4d9e7d1531270c8b09ad73176a375bb3d97	/home/theo/dev/infotheory/configs/bench/two.json	a2181cf7f6579787b6fad37008a3aa9a6ef88363dc47a0e225d765d7b1ed207b	native	cli		6.287444365927943	1.33	1.31	0.01	40692	1
compress	match	expert	match	compress:match	10000000	1	11	rate-ac	5985c81c39d927ae0e169625790ca4d9e7d1531270c8b09ad73176a375bb3d97	/home/theo/dev/infotheory/configs/bench/two.json	a2181cf7f6579787b6fad37008a3aa9a6ef88363dc47a0e225d765d7b1ed207b	native	cli	7859324		5.12	5.09	0.02	55896	1
decompress	match	expert	match	decompress:match	10000000	1	11	rate-ac	5985c81c39d927ae0e169625790ca4d9e7d1531270c8b09ad73176a375bb3d97	/home/theo/dev/infotheory/configs/bench/two.json	a2181cf7f6579787b6fad37008a3aa9a6ef88363dc47a0e225d765d7b1ed207b	native	cli	7859324		5.30	5.28	0.01	46484	1
h	match	expert	match	h:match	10000000	2	11	-	5985c81c39d927ae0e169625790ca4d9e7d1531270c8b09ad73176a375bb3d97	/home/theo/dev/infotheory/configs/bench/two.json	a2181cf7f6579787b6fad37008a3aa9a6ef88363dc47a0e225d765d7b1ed207b	native	cli		6.287444365927943	1.34	1.32	0.01	41096	1
compress	match	expert	match	compress:match	10000000	2	11	rate-ac	5985c81c39d927ae0e169625790ca4d9e7d1531270c8b09ad73176a375bb3d97	/home/theo/dev/infotheory/configs/bench/two.json	a2181cf7f6579787b6fad37008a3aa9a6ef88363dc47a0e225d765d7b1ed207b	native	cli	7859324		5.08	5.06	0.01	55860	1
decompress	match	expert	match	decompress:match	10000000	2	11	rate-ac	5985c81c39d927ae0e169625790ca4d9e7d1531270c8b09ad73176a375bb3d97	/home/theo/dev/infotheory/configs/bench/two.json	a2181cf7f6579787b6fad37008a3aa9a6ef88363dc47a0e225d765d7b1ed207b	native	cli	7859324		5.32	5.30	0.01	46296	1
h	rwkv7	expert	rwkv7	h:rwkv7	10000000	1	11	-	5985c81c39d927ae0e169625790ca4d9e7d1531270c8b09ad73176a375bb3d97	/home/theo/dev/infotheory/configs/bench/two.json	a2181cf7f6579787b6fad37008a3aa9a6ef88363dc47a0e225d765d7b1ed207b	native	cli		3.174902781170517	131.00	130.92	0.00	18472	1
compress	rwkv7	expert	rwkv7	compress:rwkv7	10000000	1	11	rate-ac	5985c81c39d927ae0e169625790ca4d9e7d1531270c8b09ad73176a375bb3d97	/home/theo/dev/infotheory/configs/bench/two.json	a2181cf7f6579787b6fad37008a3aa9a6ef88363dc47a0e225d765d7b1ed207b	native	cli	3968645		134.54	134.45	0.00	25684	1
decompress	rwkv7	expert	rwkv7	decompress:rwkv7	10000000	1	11	rate-ac	5985c81c39d927ae0e169625790ca4d9e7d1531270c8b09ad73176a375bb3d97	/home/theo/dev/infotheory/configs/bench/two.json	a2181cf7f6579787b6fad37008a3aa9a6ef88363dc47a0e225d765d7b1ed207b	native	cli	3968645		135.85	135.77	0.00	21464	1
h	rwkv7	expert	rwkv7	h:rwkv7	10000000	2	11	-	5985c81c39d927ae0e169625790ca4d9e7d1531270c8b09ad73176a375bb3d97	/home/theo/dev/infotheory/configs/bench/two.json	a2181cf7f6579787b6fad37008a3aa9a6ef88363dc47a0e225d765d7b1ed207b	native	cli		3.174902781170517	132.37	132.29	0.00	18152	1
compress	rwkv7	expert	rwkv7	compress:rwkv7	10000000	2	11	rate-ac	5985c81c39d927ae0e169625790ca4d9e7d1531270c8b09ad73176a375bb3d97	/home/theo/dev/infotheory/configs/bench/two.json	a2181cf7f6579787b6fad37008a3aa9a6ef88363dc47a0e225d765d7b1ed207b	native	cli	3968645		135.84	135.75	0.01	25440	1
decompress	rwkv7	expert	rwkv7	decompress:rwkv7	10000000	2	11	rate-ac	5985c81c39d927ae0e169625790ca4d9e7d1531270c8b09ad73176a375bb3d97	/home/theo/dev/infotheory/configs/bench/two.json	a2181cf7f6579787b6fad37008a3aa9a6ef88363dc47a0e225d765d7b1ed207b	native	cli	3968645		136.07	135.97	0.01	21844	1
