operation	subject	subject_kind	expert_kind	series	size_bytes	repeats	cpu	compression_backend	input_sha256	suite_spec_path	suite_spec_sha256	build_mode	build_features	real_seconds_mean	real_seconds_stdev	real_seconds_median	real_seconds_min	real_seconds_max	user_seconds_mean	sys_seconds_mean	throughput_mib_s_mean	throughput_mib_s_median	rss_kib_mean	rss_kib_stdev	rss_kib_median	rss_kib_min	rss_kib_max	archive_bytes_mean	archive_bytes_median	archive_ratio_mean	archive_ratio_median	entropy_bpb_mean	entropy_bpb_median	verified_all
h	ctw	expert	ctw	h:ctw	4096	2	11	-	652ed0541c8b9e2d8194c2a1cd20a3ea516efaa542082535c0ef57267e1ca49e	/home/theo/dev/infotheory-bench-bcb2c188/configs/bench/two.json	e596d7e9d03d5a82ac5785d9e3c63db62ffd9e15d18e952283fd22a4b3522a8d	native	cli	0.02	0	0.02	0.02	0.02	0.015	0	0.1953125	0.1953125	7360	45.2548339959	7360	7328	7392					2.56549624542	2.56549624542	1
h	ctw	expert	ctw	h:ctw	16384	2	11	-	f72f174851ed11ae77711d9c7d2df9e3c34666e09adadb61a1081ff54df0196f	/home/theo/dev/infotheory-bench-bcb2c188/configs/bench/two.json	e596d7e9d03d5a82ac5785d9e3c63db62ffd9e15d18e952283fd22a4b3522a8d	native	cli	0.095	0.00707106781187	0.095	0.09	0.1	0.09	0	0.164930555556	0.164930555556	12472	5.65685424949	12472	12468	12476					3.20340951209	3.20340951209	1
h	ctw	expert	ctw	h:ctw	65536	2	11	-	05fc5f44993ef0557959db76bf47e45badb2dd9c69d93ce08911935b5e52bf40	/home/theo/dev/infotheory-bench-bcb2c188/configs/bench/two.json	e596d7e9d03d5a82ac5785d9e3c63db62ffd9e15d18e952283fd22a4b3522a8d	native	cli	0.475	0.00707106781187	0.475	0.47	0.48	0.465	0.005	0.131593528369	0.131593528369	22710	36.7695526217	22710	22684	22736					2.77213895634	2.77213895634	1
h	ctw	expert	ctw	h:ctw	262144	2	11	-	0cdfd008d5327addbf5b118b4a8d616a8cc2971627727b10bfb20e97920881e7	/home/theo/dev/infotheory-bench-bcb2c188/configs/bench/two.json	e596d7e9d03d5a82ac5785d9e3c63db62ffd9e15d18e952283fd22a4b3522a8d	native	cli	2.29	0	2.29	2.29	2.29	2.27	0.02	0.109170305677	0.109170305677	48236	84.8528137424	48236	48176	48296					2.44096714152	2.44096714152	1
h	ctw	expert	ctw	h:ctw	1048576	2	11	-	4fb5efa9f35df431737731bf3c8f38a467b69731940ff82a4ee0e218aae58834	/home/theo/dev/infotheory-bench-bcb2c188/configs/bench/two.json	e596d7e9d03d5a82ac5785d9e3c63db62ffd9e15d18e952283fd22a4b3522a8d	native	cli	11.64	0	11.64	11.64	11.64	11.565	0.06	0.085910652921	0.085910652921	115584	45.2548339959	115584	115552	115616					2.30174274755	2.30174274755	1
h	ctw	expert	ctw	h:ctw	2097152	2	11	-	9dd214e64458c0c36f75a6100aed1a90a7b76ff9dfbb85dc032dea17a1963f50	/home/theo/dev/infotheory-bench-bcb2c188/configs/bench/two.json	e596d7e9d03d5a82ac5785d9e3c63db62ffd9e15d18e952283fd22a4b3522a8d	native	cli	25.945	0.0494974746831	25.945	25.91	25.98	25.85	0.07	0.0770862840489	0.0770862840489	185418	59.3969696197	185418	185376	185460					2.27731545661	2.27731545661	1
h	ctw	expert	ctw	h:ctw	4194304	2	11	-	5ba647fec2ba51b0383cbe7147e15a478d85613245b7131c41764dbdd5062f77	/home/theo/dev/infotheory-bench-bcb2c188/configs/bench/two.json	e596d7e9d03d5a82ac5785d9e3c63db62ffd9e15d18e952283fd22a4b3522a8d	native	cli	57.26	0.11313708499	57.26	57.18	57.34	57.095	0.115	0.0698569299331	0.0698569299331	298336	67.8822509939	298336	298288	298384					2.24674930722	2.24674930722	1
h	ctw	expert	ctw	h:ctw	10000000	2	11	-	5985c81c39d927ae0e169625790ca4d9e7d1531270c8b09ad73176a375bb3d97	/home/theo/dev/infotheory-bench-bcb2c188/configs/bench/two.json	e596d7e9d03d5a82ac5785d9e3c63db62ffd9e15d18e952283fd22a4b3522a8d	native	cli	152.185	0.176776695297	152.185	152.06	152.31	151.765	0.29	0.0626655031573	0.0626655031573	541104	67.8822509939	541104	541056	541152					2.19747398481	2.19747398481	1
h	match	expert	match	h:match	4096	2	11	-	652ed0541c8b9e2d8194c2a1cd20a3ea516efaa542082535c0ef57267e1ca49e	/home/theo/dev/infotheory-bench-bcb2c188/configs/bench/two.json	e596d7e9d03d5a82ac5785d9e3c63db62ffd9e15d18e952283fd22a4b3522a8d	native	cli	0	0	0	0	0	0	0			6100	33.941125497	6100	6076	6124					5.57734993252	5.57734993252	1
h	match	expert	match	h:match	16384	2	11	-	f72f174851ed11ae77711d9c7d2df9e3c34666e09adadb61a1081ff54df0196f	/home/theo/dev/infotheory-bench-bcb2c188/configs/bench/two.json	e596d7e9d03d5a82ac5785d9e3c63db62ffd9e15d18e952283fd22a4b3522a8d	native	cli	0	0	0	0	0	0	0			6158	172.53405461	6158	6036	6280					6.58586286407	6.58586286407	1
h	match	expert	match	h:match	65536	2	11	-	05fc5f44993ef0557959db76bf47e45badb2dd9c69d93ce08911935b5e52bf40	/home/theo/dev/infotheory-bench-bcb2c188/configs/bench/two.json	e596d7e9d03d5a82ac5785d9e3c63db62ffd9e15d18e952283fd22a4b3522a8d	native	cli	0.01	0	0.01	0.01	0.01	0.005	0	6.25	6.25	7096	141.421356237	7096	6996	7196					6.5588255305	6.5588255305	1
h	match	expert	match	h:match	262144	2	11	-	0cdfd008d5327addbf5b118b4a8d616a8cc2971627727b10bfb20e97920881e7	/home/theo/dev/infotheory-bench-bcb2c188/configs/bench/two.json	e596d7e9d03d5a82ac5785d9e3c63db62ffd9e15d18e952283fd22a4b3522a8d	native	cli	0.03	0	0.03	0.03	0.03	0.025	0	8.33333333333	8.33333333333	8512	118.793939239	8512	8428	8596					6.29225944669	6.29225944669	1
h	match	expert	match	h:match	1048576	2	11	-	4fb5efa9f35df431737731bf3c8f38a467b69731940ff82a4ee0e218aae58834	/home/theo/dev/infotheory-bench-bcb2c188/configs/bench/two.json	e596d7e9d03d5a82ac5785d9e3c63db62ffd9e15d18e952283fd22a4b3522a8d	native	cli	0.135	0.00707106781187	0.135	0.13	0.14	0.13	0	7.41758241758	7.41758241758	11868	67.8822509939	11868	11820	11916					6.23692635511	6.23692635511	1
h	match	expert	match	h:match	2097152	2	11	-	9dd214e64458c0c36f75a6100aed1a90a7b76ff9dfbb85dc032dea17a1963f50	/home/theo/dev/infotheory-bench-bcb2c188/configs/bench/two.json	e596d7e9d03d5a82ac5785d9e3c63db62ffd9e15d18e952283fd22a4b3522a8d	native	cli	0.27	0	0.27	0.27	0.27	0.265	0.005	7.40740740741	7.40740740741	19934	42.4264068712	19934	19904	19964					6.2741772649	6.2741772649	1
h	match	expert	match	h:match	4194304	2	11	-	5ba647fec2ba51b0383cbe7147e15a478d85613245b7131c41764dbdd5062f77	/home/theo/dev/infotheory-bench-bcb2c188/configs/bench/two.json	e596d7e9d03d5a82ac5785d9e3c63db62ffd9e15d18e952283fd22a4b3522a8d	native	cli	0.565	0.0212132034356	0.565	0.55	0.58	0.56	0	7.08463949843	7.08463949843	21832	90.5096679919	21832	21768	21896					6.28038800899	6.28038800899	1
h	match	expert	match	h:match	10000000	2	11	-	5985c81c39d927ae0e169625790ca4d9e7d1531270c8b09ad73176a375bb3d97	/home/theo/dev/infotheory-bench-bcb2c188/configs/bench/two.json	e596d7e9d03d5a82ac5785d9e3c63db62ffd9e15d18e952283fd22a4b3522a8d	native	cli	1.385	0.0494974746831	1.385	1.35	1.42	1.36	0.015	6.89013525416	6.89013525416	40902	296.984848098	40902	40692	41112					6.28744436593	6.28744436593	1
h	neural_mixture	mixture	neural-mixture	h:neural_mixture	4096	2	11	-	652ed0541c8b9e2d8194c2a1cd20a3ea516efaa542082535c0ef57267e1ca49e	/home/theo/dev/infotheory-bench-bcb2c188/configs/bench/two.json	e596d7e9d03d5a82ac5785d9e3c63db62ffd9e15d18e952283fd22a4b3522a8d	native	cli	0.11	0	0.11	0.11	0.11	0.105	0	0.0355113636364	0.0355113636364	12730	138.592929113	12730	12632	12828					1.91857366907	1.91857366907	1
h	neural_mixture	mixture	neural-mixture	h:neural_mixture	16384	2	11	-	f72f174851ed11ae77711d9c7d2df9e3c34666e09adadb61a1081ff54df0196f	/home/theo/dev/infotheory-bench-bcb2c188/configs/bench/two.json	e596d7e9d03d5a82ac5785d9e3c63db62ffd9e15d18e952283fd22a4b3522a8d	native	cli	0.475	0.00707106781187	0.475	0.47	0.48	0.46	0.005	0.0328983820922	0.0328983820922	30476	28.2842712475	30476	30456	30496					2.69245779825	2.69245779825	1
h	neural_mixture	mixture	neural-mixture	h:neural_mixture	65536	2	11	-	05fc5f44993ef0557959db76bf47e45badb2dd9c69d93ce08911935b5e52bf40	/home/theo/dev/infotheory-bench-bcb2c188/configs/bench/two.json	e596d7e9d03d5a82ac5785d9e3c63db62ffd9e15d18e952283fd22a4b3522a8d	native	cli	2.07	0	2.07	2.07	2.07	2.03	0.03	0.030193236715	0.030193236715	83630	93.3380951166	83630	83564	83696					2.35902117116	2.35902117116	1
h	neural_mixture	mixture	neural-mixture	h:neural_mixture	262144	2	11	-	0cdfd008d5327addbf5b118b4a8d616a8cc2971627727b10bfb20e97920881e7	/home/theo/dev/infotheory-bench-bcb2c188/configs/bench/two.json	e596d7e9d03d5a82ac5785d9e3c63db62ffd9e15d18e952283fd22a4b3522a8d	native	cli	8.935	0.00707106781187	8.935	8.93	8.94	8.84	0.08	0.0279798632666	0.0279798632666	246370	19.7989898732	246370	246356	246384					2.05795611601	2.05795611601	1
h	neural_mixture	mixture	neural-mixture	h:neural_mixture	1048576	2	11	-	4fb5efa9f35df431737731bf3c8f38a467b69731940ff82a4ee0e218aae58834	/home/theo/dev/infotheory-bench-bcb2c188/configs/bench/two.json	e596d7e9d03d5a82ac5785d9e3c63db62ffd9e15d18e952283fd22a4b3522a8d	native	cli	40.785	0.148492424049	40.785	40.68	40.89	40.43	0.31	0.024518980703	0.024518980703	680446	25.4558441227	680446	680428	680464					1.93963669332	1.93963669332	1
h	neural_mixture	mixture	neural-mixture	h:neural_mixture	2097152	2	11	-	9dd214e64458c0c36f75a6100aed1a90a7b76ff9dfbb85dc032dea17a1963f50	/home/theo/dev/infotheory-bench-bcb2c188/configs/bench/two.json	e596d7e9d03d5a82ac5785d9e3c63db62ffd9e15d18e952283fd22a4b3522a8d	native	cli	86.71	0.0141421356237	86.71	86.7	86.72	86.155	0.475	0.0230653906885	0.0230653906885	1012094	138.592929113	1012094	1011996	1012192					1.92069854644	1.92069854644	1
h	neural_mixture	mixture	neural-mixture	h:neural_mixture	4194304	2	11	-	5ba647fec2ba51b0383cbe7147e15a478d85613245b7131c41764dbdd5062f77	/home/theo/dev/infotheory-bench-bcb2c188/configs/bench/two.json	e596d7e9d03d5a82ac5785d9e3c63db62ffd9e15d18e952283fd22a4b3522a8d	native	cli	184.22	0.282842712475	184.22	184.02	184.42	183.395	0.65	0.0217131946294	0.0217131946294	1391550	8567.30576086	1391550	1385492	1397608					1.88509670528	1.88509670528	1
h	neural_mixture	mixture	neural-mixture	h:neural_mixture	10000000	2	11	-	5985c81c39d927ae0e169625790ca4d9e7d1531270c8b09ad73176a375bb3d97	/home/theo/dev/infotheory-bench-bcb2c188/configs/bench/two.json	e596d7e9d03d5a82ac5785d9e3c63db62ffd9e15d18e952283fd22a4b3522a8d	native	cli	472.38	0.551543289325	472.38	471.99	472.77	470.74	1.195	0.0201887244688	0.0201887244688	2509974	87.6812408671	2509974	2509912	2510036					1.81617547371	1.81617547371	1
h	ppmd	expert	ppmd	h:ppmd	4096	2	11	-	652ed0541c8b9e2d8194c2a1cd20a3ea516efaa542082535c0ef57267e1ca49e	/home/theo/dev/infotheory-bench-bcb2c188/configs/bench/two.json	e596d7e9d03d5a82ac5785d9e3c63db62ffd9e15d18e952283fd22a4b3522a8d	native	cli	0.005	0.00707106781187	0.005	0	0.01	0	0			7892	288.499566724	7892	7688	8096					2.02916276221	2.02916276221	1
h	ppmd	expert	ppmd	h:ppmd	16384	2	11	-	f72f174851ed11ae77711d9c7d2df9e3c34666e09adadb61a1081ff54df0196f	/home/theo/dev/infotheory-bench-bcb2c188/configs/bench/two.json	e596d7e9d03d5a82ac5785d9e3c63db62ffd9e15d18e952283fd22a4b3522a8d	native	cli	0.02	0	0.02	0.02	0.02	0.02	0	0.78125	0.78125	15040	79.1959594929	15040	14984	15096					3.05111741489	3.05111741489	1
h	ppmd	expert	ppmd	h:ppmd	65536	2	11	-	05fc5f44993ef0557959db76bf47e45badb2dd9c69d93ce08911935b5e52bf40	/home/theo/dev/infotheory-bench-bcb2c188/configs/bench/two.json	e596d7e9d03d5a82ac5785d9e3c63db62ffd9e15d18e952283fd22a4b3522a8d	native	cli	0.11	0	0.11	0.11	0.11	0.095	0.015	0.568181818182	0.568181818182	39072	28.2842712475	39072	39052	39092					2.82800309907	2.82800309907	1
h	ppmd	expert	ppmd	h:ppmd	262144	2	11	-	0cdfd008d5327addbf5b118b4a8d616a8cc2971627727b10bfb20e97920881e7	/home/theo/dev/infotheory-bench-bcb2c188/configs/bench/two.json	e596d7e9d03d5a82ac5785d9e3c63db62ffd9e15d18e952283fd22a4b3522a8d	native	cli	0.525	0.00707106781187	0.525	0.52	0.53	0.46	0.055	0.476233671988	0.476233671988	127136	135.764501988	127136	127040	127232					2.54059561824	2.54059561824	1
h	ppmd	expert	ppmd	h:ppmd	1048576	2	11	-	4fb5efa9f35df431737731bf3c8f38a467b69731940ff82a4ee0e218aae58834	/home/theo/dev/infotheory-bench-bcb2c188/configs/bench/two.json	e596d7e9d03d5a82ac5785d9e3c63db62ffd9e15d18e952283fd22a4b3522a8d	native	cli	2.385	0.00707106781187	2.385	2.38	2.39	2.185	0.195	0.419289054534	0.419289054534	370306	257.386868352	370306	370124	370488					2.48956475398	2.48956475398	1
h	ppmd	expert	ppmd	h:ppmd	2097152	2	11	-	9dd214e64458c0c36f75a6100aed1a90a7b76ff9dfbb85dc032dea17a1963f50	/home/theo/dev/infotheory-bench-bcb2c188/configs/bench/two.json	e596d7e9d03d5a82ac5785d9e3c63db62ffd9e15d18e952283fd22a4b3522a8d	native	cli	4.985	0.0777817459305	4.985	4.93	5.04	4.76	0.215	0.401252455005	0.401252455005	434136	135.764501988	434136	434040	434232					2.52508057302	2.52508057302	1
h	ppmd	expert	ppmd	h:ppmd	4194304	2	11	-	5ba647fec2ba51b0383cbe7147e15a478d85613245b7131c41764dbdd5062f77	/home/theo/dev/infotheory-bench-bcb2c188/configs/bench/two.json	e596d7e9d03d5a82ac5785d9e3c63db62ffd9e15d18e952283fd22a4b3522a8d	native	cli	10.03	0	10.03	10.03	10.03	9.8	0.21	0.398803589232	0.398803589232	436256	130.107647738	436256	436164	436348					2.5353209835	2.5353209835	1
h	ppmd	expert	ppmd	h:ppmd	10000000	2	11	-	5985c81c39d927ae0e169625790ca4d9e7d1531270c8b09ad73176a375bb3d97	/home/theo/dev/infotheory-bench-bcb2c188/configs/bench/two.json	e596d7e9d03d5a82ac5785d9e3c63db62ffd9e15d18e952283fd22a4b3522a8d	native	cli	24.395	0.0212132034356	24.395	24.38	24.41	24.08	0.285	0.390930386132	0.390930386132	550864	124.450793489	550864	550776	550952					2.52355814767	2.52355814767	1
h	rosa	expert	rosaplus	h:rosa	4096	2	11	-	652ed0541c8b9e2d8194c2a1cd20a3ea516efaa542082535c0ef57267e1ca49e	/home/theo/dev/infotheory-bench-bcb2c188/configs/bench/two.json	e596d7e9d03d5a82ac5785d9e3c63db62ffd9e15d18e952283fd22a4b3522a8d	native	cli	0.04	0.0141421356237	0.04	0.03	0.05	0.035	0	0.104166666667	0.104166666667	6310	82.0243866176	6310	6252	6368					2.11172124286	2.11172124286	1
h	rosa	expert	rosaplus	h:rosa	16384	2	11	-	f72f174851ed11ae77711d9c7d2df9e3c34666e09adadb61a1081ff54df0196f	/home/theo/dev/infotheory-bench-bcb2c188/configs/bench/two.json	e596d7e9d03d5a82ac5785d9e3c63db62ffd9e15d18e952283fd22a4b3522a8d	native	cli	0.13	0	0.13	0.13	0.13	0.125	0	0.120192307692	0.120192307692	8398	82.0243866176	8398	8340	8456					3.48630622986	3.48630622986	1
h	rosa	expert	rosaplus	h:rosa	65536	2	11	-	05fc5f44993ef0557959db76bf47e45badb2dd9c69d93ce08911935b5e52bf40	/home/theo/dev/infotheory-bench-bcb2c188/configs/bench/two.json	e596d7e9d03d5a82ac5785d9e3c63db62ffd9e15d18e952283fd22a4b3522a8d	native	cli	0.635	0.00707106781187	0.635	0.63	0.64	0.615	0.015	0.0984312996032	0.0984312996032	15492	22.627416998	15492	15476	15508					3.19056696201	3.19056696201	1
h	rosa	expert	rosaplus	h:rosa	262144	2	11	-	0cdfd008d5327addbf5b118b4a8d616a8cc2971627727b10bfb20e97920881e7	/home/theo/dev/infotheory-bench-bcb2c188/configs/bench/two.json	e596d7e9d03d5a82ac5785d9e3c63db62ffd9e15d18e952283fd22a4b3522a8d	native	cli	3.55	0.0141421356237	3.55	3.54	3.56	3.475	0.065	0.0704230940138	0.0704230940138	44186	14.1421356237	44186	44176	44196					2.90567254487	2.90567254487	1
h	rosa	expert	rosaplus	h:rosa	1048576	2	11	-	4fb5efa9f35df431737731bf3c8f38a467b69731940ff82a4ee0e218aae58834	/home/theo/dev/infotheory-bench-bcb2c188/configs/bench/two.json	e596d7e9d03d5a82ac5785d9e3c63db62ffd9e15d18e952283fd22a4b3522a8d	native	cli	19.54	0.0141421356237	19.54	19.53	19.55	19.115	0.405	0.0511770860752	0.0511770860752	194732	33.941125497	194732	194708	194756					2.80123027825	2.80123027825	1
h	rosa	expert	rosaplus	h:rosa	2097152	2	11	-	9dd214e64458c0c36f75a6100aed1a90a7b76ff9dfbb85dc032dea17a1963f50	/home/theo/dev/infotheory-bench-bcb2c188/configs/bench/two.json	e596d7e9d03d5a82ac5785d9e3c63db62ffd9e15d18e952283fd22a4b3522a8d	native	cli	46.95	0.0565685424949	46.95	46.91	46.99	45.23	1.66	0.0425985399725	0.0425985399725	317178	98.9949493661	317178	317108	317248					2.70437138702	2.70437138702	1
h	rosa	expert	rosaplus	h:rosa	4194304	2	11	-	5ba647fec2ba51b0383cbe7147e15a478d85613245b7131c41764dbdd5062f77	/home/theo/dev/infotheory-bench-bcb2c188/configs/bench/two.json	e596d7e9d03d5a82ac5785d9e3c63db62ffd9e15d18e952283fd22a4b3522a8d	native	cli	113.21	0	113.21	113.21	113.21	108.315	4.765	0.0353325677944	0.0353325677944	626334	155.563491861	626334	626224	626444					2.62099230176	2.62099230176	1
h	rosa	expert	rosaplus	h:rosa	10000000	2	11	-	5985c81c39d927ae0e169625790ca4d9e7d1531270c8b09ad73176a375bb3d97	/home/theo/dev/infotheory-bench-bcb2c188/configs/bench/two.json	e596d7e9d03d5a82ac5785d9e3c63db62ffd9e15d18e952283fd22a4b3522a8d	native	cli	334.735	0.275771644663	334.735	334.54	334.93	322.01	12.35	0.0284904369143	0.0284904369143	1422640	192.333044483	1422640	1422504	1422776					2.48481897791	2.48481897791	1
h	rwkv7	expert	rwkv7	h:rwkv7	4096	2	11	-	652ed0541c8b9e2d8194c2a1cd20a3ea516efaa542082535c0ef57267e1ca49e	/home/theo/dev/infotheory-bench-bcb2c188/configs/bench/two.json	e596d7e9d03d5a82ac5785d9e3c63db62ffd9e15d18e952283fd22a4b3522a8d	native	cli	0.07	0.0282842712475	0.07	0.05	0.09	0.065	0	0.0607638888889	0.0607638888889	8774	70.7106781187	8774	8724	8824					7.21701437947	7.21701437947	1
h	rwkv7	expert	rwkv7	h:rwkv7	16384	2	11	-	f72f174851ed11ae77711d9c7d2df9e3c34666e09adadb61a1081ff54df0196f	/home/theo/dev/infotheory-bench-bcb2c188/configs/bench/two.json	e596d7e9d03d5a82ac5785d9e3c63db62ffd9e15d18e952283fd22a4b3522a8d	native	cli	0.22	0.0282842712475	0.22	0.2	0.24	0.215	0	0.0716145833333	0.0716145833333	8942	212.132034356	8942	8792	9092					5.85021072042	5.85021072042	1
h	rwkv7	expert	rwkv7	h:rwkv7	65536	2	11	-	05fc5f44993ef0557959db76bf47e45badb2dd9c69d93ce08911935b5e52bf40	/home/theo/dev/infotheory-bench-bcb2c188/configs/bench/two.json	e596d7e9d03d5a82ac5785d9e3c63db62ffd9e15d18e952283fd22a4b3522a8d	native	cli	0.805	0.00707106781187	0.805	0.8	0.81	0.805	0	0.0776427469136	0.0776427469136	8644	135.764501988	8644	8548	8740					4.31173851819	4.31173851819	1
h	rwkv7	expert	rwkv7	h:rwkv7	262144	2	11	-	0cdfd008d5327addbf5b118b4a8d616a8cc2971627727b10bfb20e97920881e7	/home/theo/dev/infotheory-bench-bcb2c188/configs/bench/two.json	e596d7e9d03d5a82ac5785d9e3c63db62ffd9e15d18e952283fd22a4b3522a8d	native	cli	3.315	0.0494974746831	3.315	3.28	3.35	3.305	0	0.0754231889334	0.0754231889334	9030	70.7106781187	9030	8980	9080					4.18065126521	4.18065126521	1
h	rwkv7	expert	rwkv7	h:rwkv7	1048576	2	11	-	4fb5efa9f35df431737731bf3c8f38a467b69731940ff82a4ee0e218aae58834	/home/theo/dev/infotheory-bench-bcb2c188/configs/bench/two.json	e596d7e9d03d5a82ac5785d9e3c63db62ffd9e15d18e952283fd22a4b3522a8d	native	cli	13.34	0.127279220614	13.34	13.25	13.43	13.33	0	0.0749659309628	0.0749659309628	9568	0	9568	9568	9568					3.61829048151	3.61829048151	1
h	rwkv7	expert	rwkv7	h:rwkv7	2097152	2	11	-	9dd214e64458c0c36f75a6100aed1a90a7b76ff9dfbb85dc032dea17a1963f50	/home/theo/dev/infotheory-bench-bcb2c188/configs/bench/two.json	e596d7e9d03d5a82ac5785d9e3c63db62ffd9e15d18e952283fd22a4b3522a8d	native	cli	27.435	0.19091883092	27.435	27.3	27.57	27.415	0	0.0729013460243	0.0729013460243	10528	181.019335984	10528	10400	10656					3.49833649966	3.49833649966	1
h	rwkv7	expert	rwkv7	h:rwkv7	4194304	2	11	-	5ba647fec2ba51b0383cbe7147e15a478d85613245b7131c41764dbdd5062f77	/home/theo/dev/infotheory-bench-bcb2c188/configs/bench/two.json	e596d7e9d03d5a82ac5785d9e3c63db62ffd9e15d18e952283fd22a4b3522a8d	native	cli	55.58	0.707106781187	55.58	55.08	56.08	55.545	0	0.071974158713	0.071974158713	12626	19.7989898732	12626	12612	12640					3.33570098711	3.33570098711	1
h	rwkv7	expert	rwkv7	h:rwkv7	10000000	2	11	-	5985c81c39d927ae0e169625790ca4d9e7d1531270c8b09ad73176a375bb3d97	/home/theo/dev/infotheory-bench-bcb2c188/configs/bench/two.json	e596d7e9d03d5a82ac5785d9e3c63db62ffd9e15d18e952283fd22a4b3522a8d	native	cli	132.805	0.487903679019	132.805	132.46	133.15	132.725	0	0.0718106059525	0.0718106059525	18228	209.303607231	18228	18080	18376					3.17490278117	3.17490278117	1
compress	ctw	expert	ctw	compress:ctw	4096	2	11	rate-ac	652ed0541c8b9e2d8194c2a1cd20a3ea516efaa542082535c0ef57267e1ca49e	/home/theo/dev/infotheory-bench-bcb2c188/configs/bench/two.json	e596d7e9d03d5a82ac5785d9e3c63db62ffd9e15d18e952283fd22a4b3522a8d	native	cli	0.04	0	0.04	0.04	0.04	0.03	0	0.09765625	0.09765625	7412	130.107647738	7412	7320	7504	1332	1332	0.3251953125	0.3251953125			1
compress	ctw	expert	ctw	compress:ctw	16384	2	11	rate-ac	f72f174851ed11ae77711d9c7d2df9e3c34666e09adadb61a1081ff54df0196f	/home/theo/dev/infotheory-bench-bcb2c188/configs/bench/two.json	e596d7e9d03d5a82ac5785d9e3c63db62ffd9e15d18e952283fd22a4b3522a8d	native	cli	0.18	0	0.18	0.18	0.18	0.175	0	0.0868055555556	0.0868055555556	12582	87.6812408671	12582	12520	12644	6579	6579	0.401550292969	0.401550292969			1
compress	ctw	expert	ctw	compress:ctw	65536	2	11	rate-ac	05fc5f44993ef0557959db76bf47e45badb2dd9c69d93ce08911935b5e52bf40	/home/theo/dev/infotheory-bench-bcb2c188/configs/bench/two.json	e596d7e9d03d5a82ac5785d9e3c63db62ffd9e15d18e952283fd22a4b3522a8d	native	cli	0.805	0.00707106781187	0.805	0.8	0.81	0.795	0	0.0776427469136	0.0776427469136	22888	5.65685424949	22888	22884	22892	22728	22728	0.346801757812	0.346801757812			1
compress	ctw	expert	ctw	compress:ctw	262144	2	11	rate-ac	0cdfd008d5327addbf5b118b4a8d616a8cc2971627727b10bfb20e97920881e7	/home/theo/dev/infotheory-bench-bcb2c188/configs/bench/two.json	e596d7e9d03d5a82ac5785d9e3c63db62ffd9e15d18e952283fd22a4b3522a8d	native	cli	3.48	0	3.48	3.48	3.48	3.465	0.01	0.0718390804598	0.0718390804598	48374	115.965512115	48374	48292	48456	80004	80004	0.305191040039	0.305191040039			1
compress	ctw	expert	ctw	compress:ctw	1048576	2	11	rate-ac	4fb5efa9f35df431737731bf3c8f38a467b69731940ff82a4ee0e218aae58834	/home/theo/dev/infotheory-bench-bcb2c188/configs/bench/two.json	e596d7e9d03d5a82ac5785d9e3c63db62ffd9e15d18e952283fd22a4b3522a8d	native	cli	15.655	0.0212132034356	15.655	15.64	15.67	15.595	0.045	0.0638774141215	0.0638774141215	116394	76.3675323681	116394	116340	116448	301713	301713	0.287735939026	0.287735939026			1
compress	ctw	expert	ctw	compress:ctw	2097152	2	11	rate-ac	9dd214e64458c0c36f75a6100aed1a90a7b76ff9dfbb85dc032dea17a1963f50	/home/theo/dev/infotheory-bench-bcb2c188/configs/bench/two.json	e596d7e9d03d5a82ac5785d9e3c63db62ffd9e15d18e952283fd22a4b3522a8d	native	cli	33.16	0.0141421356237	33.16	33.15	33.17	33.065	0.065	0.0603136363657	0.0603136363657	186602	65.0538238692	186602	186556	186648	597003	597003	0.284673213959	0.284673213959			1
compress	ctw	expert	ctw	compress:ctw	4194304	2	11	rate-ac	5ba647fec2ba51b0383cbe7147e15a478d85613245b7131c41764dbdd5062f77	/home/theo/dev/infotheory-bench-bcb2c188/configs/bench/two.json	e596d7e9d03d5a82ac5785d9e3c63db62ffd9e15d18e952283fd22a4b3522a8d	native	cli	69.915	0.0494974746831	69.915	69.88	69.95	69.72	0.13	0.0572123435948	0.0572123435948	300720	226.27416998	300720	300560	300880	1177962	1177962	0.280848026276	0.280848026276			1
compress	ctw	expert	ctw	compress:ctw	10000000	2	11	rate-ac	5985c81c39d927ae0e169625790ca4d9e7d1531270c8b09ad73176a375bb3d97	/home/theo/dev/infotheory-bench-bcb2c188/configs/bench/two.json	e596d7e9d03d5a82ac5785d9e3c63db62ffd9e15d18e952283fd22a4b3522a8d	native	cli	177.645	0.0777817459305	177.645	177.59	177.7	177.23	0.26	0.0536842808873	0.0536842808873	546652	0	546652	546652	546652	2746861	2746861	0.2746861	0.2746861			1
compress	match	expert	match	compress:match	4096	2	11	rate-ac	652ed0541c8b9e2d8194c2a1cd20a3ea516efaa542082535c0ef57267e1ca49e	/home/theo/dev/infotheory-bench-bcb2c188/configs/bench/two.json	e596d7e9d03d5a82ac5785d9e3c63db62ffd9e15d18e952283fd22a4b3522a8d	native	cli	0	0	0	0	0	0	0			5980	84.8528137424	5980	5920	6040	2874	2874	0.70166015625	0.70166015625			1
compress	match	expert	match	compress:match	16384	2	11	rate-ac	f72f174851ed11ae77711d9c7d2df9e3c34666e09adadb61a1081ff54df0196f	/home/theo/dev/infotheory-bench-bcb2c188/configs/bench/two.json	e596d7e9d03d5a82ac5785d9e3c63db62ffd9e15d18e952283fd22a4b3522a8d	native	cli	0.02	0.0141421356237	0.02	0.01	0.03	0.01	0	1.04166666667	1.04166666667	5976	5.65685424949	5976	5972	5980	13506	13506	0.824340820312	0.824340820312			1
compress	match	expert	match	compress:match	65536	2	11	rate-ac	05fc5f44993ef0557959db76bf47e45badb2dd9c69d93ce08911935b5e52bf40	/home/theo/dev/infotheory-bench-bcb2c188/configs/bench/two.json	e596d7e9d03d5a82ac5785d9e3c63db62ffd9e15d18e952283fd22a4b3522a8d	native	cli	0.03	0	0.03	0.03	0.03	0.03	0	2.08333333333	2.08333333333	6738	36.7695526217	6738	6712	6764	53748	53748	0.820129394531	0.820129394531			1
compress	match	expert	match	compress:match	262144	2	11	rate-ac	0cdfd008d5327addbf5b118b4a8d616a8cc2971627727b10bfb20e97920881e7	/home/theo/dev/infotheory-bench-bcb2c188/configs/bench/two.json	e596d7e9d03d5a82ac5785d9e3c63db62ffd9e15d18e952283fd22a4b3522a8d	native	cli	0.13	0	0.13	0.13	0.13	0.13	0	1.92307692308	1.92307692308	8572	164.048773235	8572	8456	8688	206203	206203	0.786602020264	0.786602020264			1
compress	match	expert	match	compress:match	1048576	2	11	rate-ac	4fb5efa9f35df431737731bf3c8f38a467b69731940ff82a4ee0e218aae58834	/home/theo/dev/infotheory-bench-bcb2c188/configs/bench/two.json	e596d7e9d03d5a82ac5785d9e3c63db62ffd9e15d18e952283fd22a4b3522a8d	native	cli	0.525	0.00707106781187	0.525	0.52	0.53	0.525	0	1.90493468795	1.90493468795	12452	84.8528137424	12452	12392	12512	817505	817505	0.779633522034	0.779633522034			1
compress	match	expert	match	compress:match	2097152	2	11	rate-ac	9dd214e64458c0c36f75a6100aed1a90a7b76ff9dfbb85dc032dea17a1963f50	/home/theo/dev/infotheory-bench-bcb2c188/configs/bench/two.json	e596d7e9d03d5a82ac5785d9e3c63db62ffd9e15d18e952283fd22a4b3522a8d	native	cli	1.05	0	1.05	1.05	1.05	1.04	0.01	1.90476190476	1.90476190476	22556	33.941125497	22556	22532	22580	1644756	1644756	0.784280776978	0.784280776978			1
compress	match	expert	match	compress:match	4194304	2	11	rate-ac	5ba647fec2ba51b0383cbe7147e15a478d85613245b7131c41764dbdd5062f77	/home/theo/dev/infotheory-bench-bcb2c188/configs/bench/two.json	e596d7e9d03d5a82ac5785d9e3c63db62ffd9e15d18e952283fd22a4b3522a8d	native	cli	2.11	0	2.11	2.11	2.11	2.1	0.005	1.89573459716	1.89573459716	29472	73.5391052434	29472	29420	29524	3292751	3292751	0.785053014755	0.785053014755			1
compress	match	expert	match	compress:match	10000000	2	11	rate-ac	5985c81c39d927ae0e169625790ca4d9e7d1531270c8b09ad73176a375bb3d97	/home/theo/dev/infotheory-bench-bcb2c188/configs/bench/two.json	e596d7e9d03d5a82ac5785d9e3c63db62ffd9e15d18e952283fd22a4b3522a8d	native	cli	5.13	0.0424264068712	5.13	5.1	5.16	5.11	0.01	1.85907783978	1.85907783978	55932	0	55932	55932	55932	7859324	7859324	0.7859324	0.7859324			1
compress	neural_mixture	mixture	neural-mixture	compress:neural_mixture	4096	2	11	rate-ac	652ed0541c8b9e2d8194c2a1cd20a3ea516efaa542082535c0ef57267e1ca49e	/home/theo/dev/infotheory-bench-bcb2c188/configs/bench/two.json	e596d7e9d03d5a82ac5785d9e3c63db62ffd9e15d18e952283fd22a4b3522a8d	native	cli	0.12	0	0.12	0.12	0.12	0.12	0	0.0325520833333	0.0325520833333	12686	19.7989898732	12686	12672	12700	1001	1001	0.244384765625	0.244384765625			1
compress	neural_mixture	mixture	neural-mixture	compress:neural_mixture	16384	2	11	rate-ac	f72f174851ed11ae77711d9c7d2df9e3c34666e09adadb61a1081ff54df0196f	/home/theo/dev/infotheory-bench-bcb2c188/configs/bench/two.json	e596d7e9d03d5a82ac5785d9e3c63db62ffd9e15d18e952283fd22a4b3522a8d	native	cli	0.52	0	0.52	0.52	0.52	0.505	0.005	0.0300480769231	0.0300480769231	31058	8.48528137424	31058	31052	31064	5533	5533	0.337707519531	0.337707519531			1
compress	neural_mixture	mixture	neural-mixture	compress:neural_mixture	65536	2	11	rate-ac	05fc5f44993ef0557959db76bf47e45badb2dd9c69d93ce08911935b5e52bf40	/home/theo/dev/infotheory-bench-bcb2c188/configs/bench/two.json	e596d7e9d03d5a82ac5785d9e3c63db62ffd9e15d18e952283fd22a4b3522a8d	native	cli	2.265	0.00707106781187	2.265	2.26	2.27	2.24	0.015	0.0275939534521	0.0275939534521	84606	48.0832611207	84606	84572	84640	19344	19344	0.295166015625	0.295166015625			1
compress	neural_mixture	mixture	neural-mixture	compress:neural_mixture	262144	2	11	rate-ac	0cdfd008d5327addbf5b118b4a8d616a8cc2971627727b10bfb20e97920881e7	/home/theo/dev/infotheory-bench-bcb2c188/configs/bench/two.json	e596d7e9d03d5a82ac5785d9e3c63db62ffd9e15d18e952283fd22a4b3522a8d	native	cli	9.87	0.0565685424949	9.87	9.83	9.91	9.765	0.08	0.0253296966698	0.0253296966698	243616	113.13708499	243616	243536	243696	67454	67454	0.257316589355	0.257316589355			1
compress	neural_mixture	mixture	neural-mixture	compress:neural_mixture	1048576	2	11	rate-ac	4fb5efa9f35df431737731bf3c8f38a467b69731940ff82a4ee0e218aae58834	/home/theo/dev/infotheory-bench-bcb2c188/configs/bench/two.json	e596d7e9d03d5a82ac5785d9e3c63db62ffd9e15d18e952283fd22a4b3522a8d	native	cli	45.09	0.0424264068712	45.09	45.06	45.12	44.74	0.3	0.0221778763068	0.0221778763068	681028	79.1959594929	681028	680972	681084	254251	254251	0.242472648621	0.242472648621			1
compress	neural_mixture	mixture	neural-mixture	compress:neural_mixture	2097152	2	11	rate-ac	9dd214e64458c0c36f75a6100aed1a90a7b76ff9dfbb85dc032dea17a1963f50	/home/theo/dev/infotheory-bench-bcb2c188/configs/bench/two.json	e596d7e9d03d5a82ac5785d9e3c63db62ffd9e15d18e952283fd22a4b3522a8d	native	cli	96.14	0.169705627485	96.14	96.02	96.26	95.565	0.48	0.0208030280415	0.0208030280415	1004846	82.0243866176	1004846	1004788	1004904	503520	503520	0.240097045898	0.240097045898			1
compress	neural_mixture	mixture	neural-mixture	compress:neural_mixture	4194304	2	11	rate-ac	5ba647fec2ba51b0383cbe7147e15a478d85613245b7131c41764dbdd5062f77	/home/theo/dev/infotheory-bench-bcb2c188/configs/bench/two.json	e596d7e9d03d5a82ac5785d9e3c63db62ffd9e15d18e952283fd22a4b3522a8d	native	cli	205.8	0.183847763109	205.8	205.67	205.93	204.97	0.625	0.0194363537225	0.0194363537225	1392178	132.936074863	1392178	1392084	1392272	988355	988355	0.235642194748	0.235642194748			1
compress	neural_mixture	mixture	neural-mixture	compress:neural_mixture	10000000	2	11	rate-ac	5985c81c39d927ae0e169625790ca4d9e7d1531270c8b09ad73176a375bb3d97	/home/theo/dev/infotheory-bench-bcb2c188/configs/bench/two.json	e596d7e9d03d5a82ac5785d9e3c63db62ffd9e15d18e952283fd22a4b3522a8d	native	cli	535.7	0.197989898732	535.7	535.56	535.84	533.905	1.23	0.0178023965193	0.0178023965193	2492666	104.651803616	2492666	2492592	2492740	2270248	2270248	0.2270248	0.2270248			1
compress	ppmd	expert	ppmd	compress:ppmd	4096	2	11	rate-ac	652ed0541c8b9e2d8194c2a1cd20a3ea516efaa542082535c0ef57267e1ca49e	/home/theo/dev/infotheory-bench-bcb2c188/configs/bench/two.json	e596d7e9d03d5a82ac5785d9e3c63db62ffd9e15d18e952283fd22a4b3522a8d	native	cli	0	0	0	0	0	0	0			7680	135.764501988	7680	7584	7776	1058	1058	0.25830078125	0.25830078125			1
compress	ppmd	expert	ppmd	compress:ppmd	16384	2	11	rate-ac	f72f174851ed11ae77711d9c7d2df9e3c34666e09adadb61a1081ff54df0196f	/home/theo/dev/infotheory-bench-bcb2c188/configs/bench/two.json	e596d7e9d03d5a82ac5785d9e3c63db62ffd9e15d18e952283fd22a4b3522a8d	native	cli	0.03	0	0.03	0.03	0.03	0.02	0	0.520833333333	0.520833333333	15414	200.818325857	15414	15272	15556	6267	6267	0.382507324219	0.382507324219			1
compress	ppmd	expert	ppmd	compress:ppmd	65536	2	11	rate-ac	05fc5f44993ef0557959db76bf47e45badb2dd9c69d93ce08911935b5e52bf40	/home/theo/dev/infotheory-bench-bcb2c188/configs/bench/two.json	e596d7e9d03d5a82ac5785d9e3c63db62ffd9e15d18e952283fd22a4b3522a8d	native	cli	0.14	0	0.14	0.14	0.14	0.13	0.005	0.446428571429	0.446428571429	39454	25.4558441227	39454	39436	39472	23186	23186	0.353790283203	0.353790283203			1
compress	ppmd	expert	ppmd	compress:ppmd	262144	2	11	rate-ac	0cdfd008d5327addbf5b118b4a8d616a8cc2971627727b10bfb20e97920881e7	/home/theo/dev/infotheory-bench-bcb2c188/configs/bench/two.json	e596d7e9d03d5a82ac5785d9e3c63db62ffd9e15d18e952283fd22a4b3522a8d	native	cli	0.62	0	0.62	0.62	0.62	0.545	0.065	0.403225806452	0.403225806452	127378	8.48528137424	127378	127372	127384	83269	83269	0.317646026611	0.317646026611			1
compress	ppmd	expert	ppmd	compress:ppmd	1048576	2	11	rate-ac	4fb5efa9f35df431737731bf3c8f38a467b69731940ff82a4ee0e218aae58834	/home/theo/dev/infotheory-bench-bcb2c188/configs/bench/two.json	e596d7e9d03d5a82ac5785d9e3c63db62ffd9e15d18e952283fd22a4b3522a8d	native	cli	2.745	0.00707106781187	2.745	2.74	2.75	2.575	0.16	0.364299933643	0.364299933643	370650	98.9949493661	370650	370580	370720	326331	326331	0.311213493347	0.311213493347			1
compress	ppmd	expert	ppmd	compress:ppmd	2097152	2	11	rate-ac	9dd214e64458c0c36f75a6100aed1a90a7b76ff9dfbb85dc032dea17a1963f50	/home/theo/dev/infotheory-bench-bcb2c188/configs/bench/two.json	e596d7e9d03d5a82ac5785d9e3c63db62ffd9e15d18e952283fd22a4b3522a8d	native	cli	5.655	0.00707106781187	5.655	5.65	5.66	5.45	0.19	0.353669595672	0.353669595672	434416	141.421356237	434416	434316	434516	661953	661953	0.315643787384	0.315643787384			1
compress	ppmd	expert	ppmd	compress:ppmd	4194304	2	11	rate-ac	5ba647fec2ba51b0383cbe7147e15a478d85613245b7131c41764dbdd5062f77	/home/theo/dev/infotheory-bench-bcb2c188/configs/bench/two.json	e596d7e9d03d5a82ac5785d9e3c63db62ffd9e15d18e952283fd22a4b3522a8d	native	cli	11.63	0.0848528137424	11.63	11.57	11.69	11.4	0.215	0.343947245649	0.343947245649	436632	0	436632	436632	436632	1329257	1329257	0.316919565201	0.316919565201			1
compress	ppmd	expert	ppmd	compress:ppmd	10000000	2	11	rate-ac	5985c81c39d927ae0e169625790ca4d9e7d1531270c8b09ad73176a375bb3d97	/home/theo/dev/infotheory-bench-bcb2c188/configs/bench/two.json	e596d7e9d03d5a82ac5785d9e3c63db62ffd9e15d18e952283fd22a4b3522a8d	native	cli	27.96	0.197989898732	27.96	27.82	28.1	27.645	0.285	0.341093786527	0.341093786527	550896	181.019335984	550896	550768	551024	3154465	3154465	0.3154465	0.3154465			1
compress	rosa	expert	rosaplus	compress:rosa	4096	2	11	rate-ac	652ed0541c8b9e2d8194c2a1cd20a3ea516efaa542082535c0ef57267e1ca49e	/home/theo/dev/infotheory-bench-bcb2c188/configs/bench/two.json	e596d7e9d03d5a82ac5785d9e3c63db62ffd9e15d18e952283fd22a4b3522a8d	native	cli	0	0	0	0	0	0	0			6242	25.4558441227	6242	6224	6260	1127	1127	0.275146484375	0.275146484375			1
compress	rosa	expert	rosaplus	compress:rosa	16384	2	11	rate-ac	f72f174851ed11ae77711d9c7d2df9e3c34666e09adadb61a1081ff54df0196f	/home/theo/dev/infotheory-bench-bcb2c188/configs/bench/two.json	e596d7e9d03d5a82ac5785d9e3c63db62ffd9e15d18e952283fd22a4b3522a8d	native	cli	0.02	0	0.02	0.02	0.02	0.02	0	0.78125	0.78125	7934	42.4264068712	7934	7904	7964	6359	6359	0.388122558594	0.388122558594			1
compress	rosa	expert	rosaplus	compress:rosa	65536	2	11	rate-ac	05fc5f44993ef0557959db76bf47e45badb2dd9c69d93ce08911935b5e52bf40	/home/theo/dev/infotheory-bench-bcb2c188/configs/bench/two.json	e596d7e9d03d5a82ac5785d9e3c63db62ffd9e15d18e952283fd22a4b3522a8d	native	cli	0.12	0	0.12	0.12	0.12	0.12	0	0.520833333333	0.520833333333	16464	16.9705627485	16464	16452	16476	22843	22843	0.348556518555	0.348556518555			1
compress	rosa	expert	rosaplus	compress:rosa	262144	2	11	rate-ac	0cdfd008d5327addbf5b118b4a8d616a8cc2971627727b10bfb20e97920881e7	/home/theo/dev/infotheory-bench-bcb2c188/configs/bench/two.json	e596d7e9d03d5a82ac5785d9e3c63db62ffd9e15d18e952283fd22a4b3522a8d	native	cli	0.7	0	0.7	0.7	0.7	0.68	0.02	0.357142857143	0.357142857143	46628	50.9116882454	46628	46592	46664	80590	80590	0.307426452637	0.307426452637			1
compress	rosa	expert	rosaplus	compress:rosa	1048576	2	11	rate-ac	4fb5efa9f35df431737731bf3c8f38a467b69731940ff82a4ee0e218aae58834	/home/theo/dev/infotheory-bench-bcb2c188/configs/bench/two.json	e596d7e9d03d5a82ac5785d9e3c63db62ffd9e15d18e952283fd22a4b3522a8d	native	cli	3.88	0.0282842712475	3.88	3.86	3.9	3.815	0.055	0.257738806962	0.257738806962	146192	107.48023074	146192	146116	146268	306522	306522	0.292322158813	0.292322158813			1
compress	rosa	expert	rosaplus	compress:rosa	2097152	2	11	rate-ac	9dd214e64458c0c36f75a6100aed1a90a7b76ff9dfbb85dc032dea17a1963f50	/home/theo/dev/infotheory-bench-bcb2c188/configs/bench/two.json	e596d7e9d03d5a82ac5785d9e3c63db62ffd9e15d18e952283fd22a4b3522a8d	native	cli	9.385	0.0494974746831	9.385	9.35	9.42	9.255	0.115	0.213108984184	0.213108984184	281492	107.48023074	281492	281416	281568	608681	608681	0.290241718292	0.290241718292			1
compress	rosa	expert	rosaplus	compress:rosa	4194304	2	11	rate-ac	5ba647fec2ba51b0383cbe7147e15a478d85613245b7131c41764dbdd5062f77	/home/theo/dev/infotheory-bench-bcb2c188/configs/bench/two.json	e596d7e9d03d5a82ac5785d9e3c63db62ffd9e15d18e952283fd22a4b3522a8d	native	cli	23.475	0.120208152802	23.475	23.39	23.56	23.225	0.225	0.170396270227	0.170396270227	538174	14.1421356237	538174	538164	538184	1199345	1199345	0.285946130753	0.285946130753			1
compress	rosa	expert	rosaplus	compress:rosa	10000000	2	11	rate-ac	5985c81c39d927ae0e169625790ca4d9e7d1531270c8b09ad73176a375bb3d97	/home/theo/dev/infotheory-bench-bcb2c188/configs/bench/two.json	e596d7e9d03d5a82ac5785d9e3c63db62ffd9e15d18e952283fd22a4b3522a8d	native	cli	73.765	0.459619407771	73.765	73.44	74.09	73.085	0.605	0.129287986079	0.129287986079	1263352	147.078210487	1263352	1263248	1263456	2752778	2752778	0.2752778	0.2752778			1
compress	rwkv7	expert	rwkv7	compress:rwkv7	4096	2	11	rate-ac	652ed0541c8b9e2d8194c2a1cd20a3ea516efaa542082535c0ef57267e1ca49e	/home/theo/dev/infotheory-bench-bcb2c188/configs/bench/two.json	e596d7e9d03d5a82ac5785d9e3c63db62ffd9e15d18e952283fd22a4b3522a8d	native	cli	0.06	0	0.06	0.06	0.06	0.05	0	0.0651041666667	0.0651041666667	8258	138.592929113	8258	8160	8356	3714	3714	0.90673828125	0.90673828125			1
compress	rwkv7	expert	rwkv7	compress:rwkv7	16384	2	11	rate-ac	f72f174851ed11ae77711d9c7d2df9e3c34666e09adadb61a1081ff54df0196f	/home/theo/dev/infotheory-bench-bcb2c188/configs/bench/two.json	e596d7e9d03d5a82ac5785d9e3c63db62ffd9e15d18e952283fd22a4b3522a8d	native	cli	0.215	0.00707106781187	0.215	0.21	0.22	0.21	0	0.0727137445887	0.0727137445887	8186	121.622366364	8186	8100	8272	12000	12000	0.732421875	0.732421875			1
compress	rwkv7	expert	rwkv7	compress:rwkv7	65536	2	11	rate-ac	05fc5f44993ef0557959db76bf47e45badb2dd9c69d93ce08911935b5e52bf40	/home/theo/dev/infotheory-bench-bcb2c188/configs/bench/two.json	e596d7e9d03d5a82ac5785d9e3c63db62ffd9e15d18e952283fd22a4b3522a8d	native	cli	0.845	0.00707106781187	0.845	0.84	0.85	0.84	0	0.0739670868347	0.0739670868347	8310	127.279220614	8310	8220	8400	35340	35340	0.539245605469	0.539245605469			1
compress	rwkv7	expert	rwkv7	compress:rwkv7	262144	2	11	rate-ac	0cdfd008d5327addbf5b118b4a8d616a8cc2971627727b10bfb20e97920881e7	/home/theo/dev/infotheory-bench-bcb2c188/configs/bench/two.json	e596d7e9d03d5a82ac5785d9e3c63db62ffd9e15d18e952283fd22a4b3522a8d	native	cli	3.33	0.0282842712475	3.33	3.31	3.35	3.325	0	0.075077783289	0.075077783289	8316	50.9116882454	8316	8280	8352	137010	137010	0.522651672363	0.522651672363			1
compress	rwkv7	expert	rwkv7	compress:rwkv7	1048576	2	11	rate-ac	4fb5efa9f35df431737731bf3c8f38a467b69731940ff82a4ee0e218aae58834	/home/theo/dev/infotheory-bench-bcb2c188/configs/bench/two.json	e596d7e9d03d5a82ac5785d9e3c63db62ffd9e15d18e952283fd22a4b3522a8d	native	cli	13.885	0.0919238815543	13.885	13.82	13.95	13.87	0	0.0720217439792	0.0720217439792	9750	2.82842712475	9750	9748	9752	474275	474275	0.452303886414	0.452303886414			1
compress	rwkv7	expert	rwkv7	compress:rwkv7	2097152	2	11	rate-ac	9dd214e64458c0c36f75a6100aed1a90a7b76ff9dfbb85dc032dea17a1963f50	/home/theo/dev/infotheory-bench-bcb2c188/configs/bench/two.json	e596d7e9d03d5a82ac5785d9e3c63db62ffd9e15d18e952283fd22a4b3522a8d	native	cli	28.4	0.0989949493661	28.4	28.33	28.47	28.38	0	0.0704229630437	0.0704229630437	11540	16.9705627485	11540	11528	11552	917086	917086	0.437300682068	0.437300682068			1
compress	rwkv7	expert	rwkv7	compress:rwkv7	4194304	2	11	rate-ac	5ba647fec2ba51b0383cbe7147e15a478d85613245b7131c41764dbdd5062f77	/home/theo/dev/infotheory-bench-bcb2c188/configs/bench/two.json	e596d7e9d03d5a82ac5785d9e3c63db62ffd9e15d18e952283fd22a4b3522a8d	native	cli	56.465	0.813172798365	56.465	55.89	57.04	56.425	0	0.0708476904519	0.0708476904519	15456	0	15456	15456	15456	1748887	1748887	0.416967153549	0.416967153549			1
compress	rwkv7	expert	rwkv7	compress:rwkv7	10000000	2	11	rate-ac	5985c81c39d927ae0e169625790ca4d9e7d1531270c8b09ad73176a375bb3d97	/home/theo/dev/infotheory-bench-bcb2c188/configs/bench/two.json	e596d7e9d03d5a82ac5785d9e3c63db62ffd9e15d18e952283fd22a4b3522a8d	native	cli	136.795	1.18086832458	136.795	135.96	137.63	136.7	0	0.0697181805467	0.0697181805467	25350	25.4558441227	25350	25332	25368	3968645	3968645	0.3968645	0.3968645			1
decompress	ctw	expert	ctw	decompress:ctw	4096	2	11	rate-ac	652ed0541c8b9e2d8194c2a1cd20a3ea516efaa542082535c0ef57267e1ca49e	/home/theo/dev/infotheory-bench-bcb2c188/configs/bench/two.json	e596d7e9d03d5a82ac5785d9e3c63db62ffd9e15d18e952283fd22a4b3522a8d	native	cli	0.03	0	0.03	0.03	0.03	0.03	0	0.130208333333	0.130208333333	7584	90.5096679919	7584	7520	7648	1332	1332	0.3251953125	0.3251953125			1
decompress	ctw	expert	ctw	decompress:ctw	16384	2	11	rate-ac	f72f174851ed11ae77711d9c7d2df9e3c34666e09adadb61a1081ff54df0196f	/home/theo/dev/infotheory-bench-bcb2c188/configs/bench/two.json	e596d7e9d03d5a82ac5785d9e3c63db62ffd9e15d18e952283fd22a4b3522a8d	native	cli	0.18	0	0.18	0.18	0.18	0.175	0	0.0868055555556	0.0868055555556	12482	31.1126983722	12482	12460	12504	6579	6579	0.401550292969	0.401550292969			1
decompress	ctw	expert	ctw	decompress:ctw	65536	2	11	rate-ac	05fc5f44993ef0557959db76bf47e45badb2dd9c69d93ce08911935b5e52bf40	/home/theo/dev/infotheory-bench-bcb2c188/configs/bench/two.json	e596d7e9d03d5a82ac5785d9e3c63db62ffd9e15d18e952283fd22a4b3522a8d	native	cli	0.805	0.00707106781187	0.805	0.8	0.81	0.795	0.005	0.0776427469136	0.0776427469136	22946	110.308657865	22946	22868	23024	22728	22728	0.346801757812	0.346801757812			1
decompress	ctw	expert	ctw	decompress:ctw	262144	2	11	rate-ac	0cdfd008d5327addbf5b118b4a8d616a8cc2971627727b10bfb20e97920881e7	/home/theo/dev/infotheory-bench-bcb2c188/configs/bench/two.json	e596d7e9d03d5a82ac5785d9e3c63db62ffd9e15d18e952283fd22a4b3522a8d	native	cli	3.495	0.00707106781187	3.495	3.49	3.5	3.475	0.01	0.0715309046255	0.0715309046255	48536	147.078210487	48536	48432	48640	80004	80004	0.305191040039	0.305191040039			1
decompress	ctw	expert	ctw	decompress:ctw	1048576	2	11	rate-ac	4fb5efa9f35df431737731bf3c8f38a467b69731940ff82a4ee0e218aae58834	/home/theo/dev/infotheory-bench-bcb2c188/configs/bench/two.json	e596d7e9d03d5a82ac5785d9e3c63db62ffd9e15d18e952283fd22a4b3522a8d	native	cli	15.725	0.0353553390593	15.725	15.7	15.75	15.635	0.065	0.063593165504	0.063593165504	116196	5.65685424949	116196	116192	116200	301713	301713	0.287735939026	0.287735939026			1
decompress	ctw	expert	ctw	decompress:ctw	2097152	2	11	rate-ac	9dd214e64458c0c36f75a6100aed1a90a7b76ff9dfbb85dc032dea17a1963f50	/home/theo/dev/infotheory-bench-bcb2c188/configs/bench/two.json	e596d7e9d03d5a82ac5785d9e3c63db62ffd9e15d18e952283fd22a4b3522a8d	native	cli	33.3	0.0707106781187	33.3	33.25	33.35	33.18	0.085	0.0600601954662	0.0600601954662	185876	56.5685424949	185876	185836	185916	597003	597003	0.284673213959	0.284673213959			1
decompress	ctw	expert	ctw	decompress:ctw	4194304	2	11	rate-ac	5ba647fec2ba51b0383cbe7147e15a478d85613245b7131c41764dbdd5062f77	/home/theo/dev/infotheory-bench-bcb2c188/configs/bench/two.json	e596d7e9d03d5a82ac5785d9e3c63db62ffd9e15d18e952283fd22a4b3522a8d	native	cli	70.315	0.0353553390593	70.315	70.29	70.34	70.1	0.145	0.0568868734359	0.0568868734359	299526	127.279220614	299526	299436	299616	1177962	1177962	0.280848026276	0.280848026276			1
decompress	ctw	expert	ctw	decompress:ctw	10000000	2	11	rate-ac	5985c81c39d927ae0e169625790ca4d9e7d1531270c8b09ad73176a375bb3d97	/home/theo/dev/infotheory-bench-bcb2c188/configs/bench/two.json	e596d7e9d03d5a82ac5785d9e3c63db62ffd9e15d18e952283fd22a4b3522a8d	native	cli	179.24	0.961665222414	179.24	178.56	179.92	178.8	0.28	0.0532073221787	0.0532073221787	543766	70.7106781187	543766	543716	543816	2746861	2746861	0.2746861	0.2746861			1
decompress	match	expert	match	decompress:match	4096	2	11	rate-ac	652ed0541c8b9e2d8194c2a1cd20a3ea516efaa542082535c0ef57267e1ca49e	/home/theo/dev/infotheory-bench-bcb2c188/configs/bench/two.json	e596d7e9d03d5a82ac5785d9e3c63db62ffd9e15d18e952283fd22a4b3522a8d	native	cli	0	0	0	0	0	0	0			5760	141.421356237	5760	5660	5860	2874	2874	0.70166015625	0.70166015625			1
decompress	match	expert	match	decompress:match	16384	2	11	rate-ac	f72f174851ed11ae77711d9c7d2df9e3c34666e09adadb61a1081ff54df0196f	/home/theo/dev/infotheory-bench-bcb2c188/configs/bench/two.json	e596d7e9d03d5a82ac5785d9e3c63db62ffd9e15d18e952283fd22a4b3522a8d	native	cli	0.015	0.00707106781187	0.015	0.01	0.02	0.015	0	1.171875	1.171875	6116	79.1959594929	6116	6060	6172	13506	13506	0.824340820312	0.824340820312			1
decompress	match	expert	match	decompress:match	65536	2	11	rate-ac	05fc5f44993ef0557959db76bf47e45badb2dd9c69d93ce08911935b5e52bf40	/home/theo/dev/infotheory-bench-bcb2c188/configs/bench/two.json	e596d7e9d03d5a82ac5785d9e3c63db62ffd9e15d18e952283fd22a4b3522a8d	native	cli	0.03	0	0.03	0.03	0.03	0.03	0	2.08333333333	2.08333333333	6874	76.3675323681	6874	6820	6928	53748	53748	0.820129394531	0.820129394531			1
decompress	match	expert	match	decompress:match	262144	2	11	rate-ac	0cdfd008d5327addbf5b118b4a8d616a8cc2971627727b10bfb20e97920881e7	/home/theo/dev/infotheory-bench-bcb2c188/configs/bench/two.json	e596d7e9d03d5a82ac5785d9e3c63db62ffd9e15d18e952283fd22a4b3522a8d	native	cli	0.14	0	0.14	0.14	0.14	0.14	0	1.78571428571	1.78571428571	8500	16.9705627485	8500	8488	8512	206203	206203	0.786602020264	0.786602020264			1
decompress	match	expert	match	decompress:match	1048576	2	11	rate-ac	4fb5efa9f35df431737731bf3c8f38a467b69731940ff82a4ee0e218aae58834	/home/theo/dev/infotheory-bench-bcb2c188/configs/bench/two.json	e596d7e9d03d5a82ac5785d9e3c63db62ffd9e15d18e952283fd22a4b3522a8d	native	cli	0.55	0	0.55	0.55	0.55	0.55	0	1.81818181818	1.81818181818	12020	22.627416998	12020	12004	12036	817505	817505	0.779633522034	0.779633522034			1
decompress	match	expert	match	decompress:match	2097152	2	11	rate-ac	9dd214e64458c0c36f75a6100aed1a90a7b76ff9dfbb85dc032dea17a1963f50	/home/theo/dev/infotheory-bench-bcb2c188/configs/bench/two.json	e596d7e9d03d5a82ac5785d9e3c63db62ffd9e15d18e952283fd22a4b3522a8d	native	cli	1.12	0.0141421356237	1.12	1.11	1.13	1.105	0.005	1.78585665311	1.78585665311	20662	19.7989898732	20662	20648	20676	1644756	1644756	0.784280776978	0.784280776978			1
decompress	match	expert	match	decompress:match	4194304	2	11	rate-ac	5ba647fec2ba51b0383cbe7147e15a478d85613245b7131c41764dbdd5062f77	/home/theo/dev/infotheory-bench-bcb2c188/configs/bench/two.json	e596d7e9d03d5a82ac5785d9e3c63db62ffd9e15d18e952283fd22a4b3522a8d	native	cli	2.24	0.0141421356237	2.24	2.23	2.25	2.225	0.005	1.78574987544	1.78574987544	24324	113.13708499	24324	24244	24404	3292751	3292751	0.785053014755	0.785053014755			1
decompress	match	expert	match	decompress:match	10000000	2	11	rate-ac	5985c81c39d927ae0e169625790ca4d9e7d1531270c8b09ad73176a375bb3d97	/home/theo/dev/infotheory-bench-bcb2c188/configs/bench/two.json	e596d7e9d03d5a82ac5785d9e3c63db62ffd9e15d18e952283fd22a4b3522a8d	native	cli	5.37	0.0141421356237	5.37	5.36	5.38	5.345	0.015	1.77593598426	1.77593598426	46500	28.2842712475	46500	46480	46520	7859324	7859324	0.7859324	0.7859324			1
decompress	neural_mixture	mixture	neural-mixture	decompress:neural_mixture	4096	2	11	rate-ac	652ed0541c8b9e2d8194c2a1cd20a3ea516efaa542082535c0ef57267e1ca49e	/home/theo/dev/infotheory-bench-bcb2c188/configs/bench/two.json	e596d7e9d03d5a82ac5785d9e3c63db62ffd9e15d18e952283fd22a4b3522a8d	native	cli	0.12	0	0.12	0.12	0.12	0.115	0	0.0325520833333	0.0325520833333	12900	5.65685424949	12900	12896	12904	1001	1001	0.244384765625	0.244384765625			1
decompress	neural_mixture	mixture	neural-mixture	decompress:neural_mixture	16384	2	11	rate-ac	f72f174851ed11ae77711d9c7d2df9e3c34666e09adadb61a1081ff54df0196f	/home/theo/dev/infotheory-bench-bcb2c188/configs/bench/two.json	e596d7e9d03d5a82ac5785d9e3c63db62ffd9e15d18e952283fd22a4b3522a8d	native	cli	0.525	0.00707106781187	0.525	0.52	0.53	0.51	0.01	0.0297646044993	0.0297646044993	30860	28.2842712475	30860	30840	30880	5533	5533	0.337707519531	0.337707519531			1
decompress	neural_mixture	mixture	neural-mixture	decompress:neural_mixture	65536	2	11	rate-ac	05fc5f44993ef0557959db76bf47e45badb2dd9c69d93ce08911935b5e52bf40	/home/theo/dev/infotheory-bench-bcb2c188/configs/bench/two.json	e596d7e9d03d5a82ac5785d9e3c63db62ffd9e15d18e952283fd22a4b3522a8d	native	cli	2.275	0.0212132034356	2.275	2.26	2.29	2.25	0.02	0.0274737218379	0.0274737218379	87660	16.9705627485	87660	87648	87672	19344	19344	0.295166015625	0.295166015625			1
decompress	neural_mixture	mixture	neural-mixture	decompress:neural_mixture	262144	2	11	rate-ac	0cdfd008d5327addbf5b118b4a8d616a8cc2971627727b10bfb20e97920881e7	/home/theo/dev/infotheory-bench-bcb2c188/configs/bench/two.json	e596d7e9d03d5a82ac5785d9e3c63db62ffd9e15d18e952283fd22a4b3522a8d	native	cli	9.92	0.0141421356237	9.92	9.91	9.93	9.815	0.09	0.025201638513	0.025201638513	248648	181.019335984	248648	248520	248776	67454	67454	0.257316589355	0.257316589355			1
decompress	neural_mixture	mixture	neural-mixture	decompress:neural_mixture	1048576	2	11	rate-ac	4fb5efa9f35df431737731bf3c8f38a467b69731940ff82a4ee0e218aae58834	/home/theo/dev/infotheory-bench-bcb2c188/configs/bench/two.json	e596d7e9d03d5a82ac5785d9e3c63db62ffd9e15d18e952283fd22a4b3522a8d	native	cli	45.08	0.169705627485	45.08	44.96	45.2	44.71	0.32	0.0221829433439	0.0221829433439	679322	223.445742855	679322	679164	679480	254251	254251	0.242472648621	0.242472648621			1
decompress	neural_mixture	mixture	neural-mixture	decompress:neural_mixture	2097152	2	11	rate-ac	9dd214e64458c0c36f75a6100aed1a90a7b76ff9dfbb85dc032dea17a1963f50	/home/theo/dev/infotheory-bench-bcb2c188/configs/bench/two.json	e596d7e9d03d5a82ac5785d9e3c63db62ffd9e15d18e952283fd22a4b3522a8d	native	cli	96.02	0.0141421356237	96.02	96.01	96.03	95.44	0.49	0.0208289941855	0.0208289941855	1010446	121.622366364	1010446	1010360	1010532	503520	503520	0.240097045898	0.240097045898			1
decompress	neural_mixture	mixture	neural-mixture	decompress:neural_mixture	4194304	2	11	rate-ac	5ba647fec2ba51b0383cbe7147e15a478d85613245b7131c41764dbdd5062f77	/home/theo/dev/infotheory-bench-bcb2c188/configs/bench/two.json	e596d7e9d03d5a82ac5785d9e3c63db62ffd9e15d18e952283fd22a4b3522a8d	native	cli	206.015	0.0636396103068	206.015	205.97	206.06	205.23	0.585	0.0194160628636	0.0194160628636	1387302	8.48528137424	1387302	1387296	1387308	988355	988355	0.235642194748	0.235642194748			1
decompress	neural_mixture	mixture	neural-mixture	decompress:neural_mixture	10000000	2	11	rate-ac	5985c81c39d927ae0e169625790ca4d9e7d1531270c8b09ad73176a375bb3d97	/home/theo/dev/infotheory-bench-bcb2c188/configs/bench/two.json	e596d7e9d03d5a82ac5785d9e3c63db62ffd9e15d18e952283fd22a4b3522a8d	native	cli	535.465	0.700035713375	535.465	534.97	535.96	533.7	1.23	0.0178102234766	0.0178102234766	2499868	56.5685424949	2499868	2499828	2499908	2270248	2270248	0.2270248	0.2270248			1
decompress	ppmd	expert	ppmd	decompress:ppmd	4096	2	11	rate-ac	652ed0541c8b9e2d8194c2a1cd20a3ea516efaa542082535c0ef57267e1ca49e	/home/theo/dev/infotheory-bench-bcb2c188/configs/bench/two.json	e596d7e9d03d5a82ac5785d9e3c63db62ffd9e15d18e952283fd22a4b3522a8d	native	cli	0.005	0.00707106781187	0.005	0	0.01	0	0			7718	172.53405461	7718	7596	7840	1058	1058	0.25830078125	0.25830078125			1
decompress	ppmd	expert	ppmd	decompress:ppmd	16384	2	11	rate-ac	f72f174851ed11ae77711d9c7d2df9e3c34666e09adadb61a1081ff54df0196f	/home/theo/dev/infotheory-bench-bcb2c188/configs/bench/two.json	e596d7e9d03d5a82ac5785d9e3c63db62ffd9e15d18e952283fd22a4b3522a8d	native	cli	0.03	0	0.03	0.03	0.03	0.025	0.005	0.520833333333	0.520833333333	15320	118.793939239	15320	15236	15404	6267	6267	0.382507324219	0.382507324219			1
decompress	ppmd	expert	ppmd	decompress:ppmd	65536	2	11	rate-ac	05fc5f44993ef0557959db76bf47e45badb2dd9c69d93ce08911935b5e52bf40	/home/theo/dev/infotheory-bench-bcb2c188/configs/bench/two.json	e596d7e9d03d5a82ac5785d9e3c63db62ffd9e15d18e952283fd22a4b3522a8d	native	cli	0.14	0	0.14	0.14	0.14	0.12	0.015	0.446428571429	0.446428571429	39566	127.279220614	39566	39476	39656	23186	23186	0.353790283203	0.353790283203			1
decompress	ppmd	expert	ppmd	decompress:ppmd	262144	2	11	rate-ac	0cdfd008d5327addbf5b118b4a8d616a8cc2971627727b10bfb20e97920881e7	/home/theo/dev/infotheory-bench-bcb2c188/configs/bench/two.json	e596d7e9d03d5a82ac5785d9e3c63db62ffd9e15d18e952283fd22a4b3522a8d	native	cli	0.62	0	0.62	0.62	0.62	0.55	0.07	0.403225806452	0.403225806452	127360	243.244732728	127360	127188	127532	83269	83269	0.317646026611	0.317646026611			1
decompress	ppmd	expert	ppmd	decompress:ppmd	1048576	2	11	rate-ac	4fb5efa9f35df431737731bf3c8f38a467b69731940ff82a4ee0e218aae58834	/home/theo/dev/infotheory-bench-bcb2c188/configs/bench/two.json	e596d7e9d03d5a82ac5785d9e3c63db62ffd9e15d18e952283fd22a4b3522a8d	native	cli	2.825	0.00707106781187	2.825	2.82	2.83	2.62	0.195	0.353983409769	0.353983409769	370980	101.823376491	370980	370908	371052	326331	326331	0.311213493347	0.311213493347			1
decompress	ppmd	expert	ppmd	decompress:ppmd	2097152	2	11	rate-ac	9dd214e64458c0c36f75a6100aed1a90a7b76ff9dfbb85dc032dea17a1963f50	/home/theo/dev/infotheory-bench-bcb2c188/configs/bench/two.json	e596d7e9d03d5a82ac5785d9e3c63db62ffd9e15d18e952283fd22a4b3522a8d	native	cli	5.745	0.00707106781187	5.745	5.74	5.75	5.525	0.21	0.348129071353	0.348129071353	435108	113.13708499	435108	435028	435188	661953	661953	0.315643787384	0.315643787384			1
decompress	ppmd	expert	ppmd	decompress:ppmd	4194304	2	11	rate-ac	5ba647fec2ba51b0383cbe7147e15a478d85613245b7131c41764dbdd5062f77	/home/theo/dev/infotheory-bench-bcb2c188/configs/bench/two.json	e596d7e9d03d5a82ac5785d9e3c63db62ffd9e15d18e952283fd22a4b3522a8d	native	cli	11.645	0.00707106781187	11.645	11.64	11.65	11.4	0.23	0.343495125584	0.343495125584	435734	82.0243866176	435734	435676	435792	1329257	1329257	0.316919565201	0.316919565201			1
decompress	ppmd	expert	ppmd	decompress:ppmd	10000000	2	11	rate-ac	5985c81c39d927ae0e169625790ca4d9e7d1531270c8b09ad73176a375bb3d97	/home/theo/dev/infotheory-bench-bcb2c188/configs/bench/two.json	e596d7e9d03d5a82ac5785d9e3c63db62ffd9e15d18e952283fd22a4b3522a8d	native	cli	28.425	0.275771644663	28.425	28.23	28.62	28.115	0.28	0.335521266534	0.335521266534	553090	110.308657865	553090	553012	553168	3154465	3154465	0.3154465	0.3154465			1
decompress	rosa	expert	rosaplus	decompress:rosa	4096	2	11	rate-ac	652ed0541c8b9e2d8194c2a1cd20a3ea516efaa542082535c0ef57267e1ca49e	/home/theo/dev/infotheory-bench-bcb2c188/configs/bench/two.json	e596d7e9d03d5a82ac5785d9e3c63db62ffd9e15d18e952283fd22a4b3522a8d	native	cli	0	0	0	0	0	0	0			6262	319.612265096	6262	6036	6488	1127	1127	0.275146484375	0.275146484375			1
decompress	rosa	expert	rosaplus	decompress:rosa	16384	2	11	rate-ac	f72f174851ed11ae77711d9c7d2df9e3c34666e09adadb61a1081ff54df0196f	/home/theo/dev/infotheory-bench-bcb2c188/configs/bench/two.json	e596d7e9d03d5a82ac5785d9e3c63db62ffd9e15d18e952283fd22a4b3522a8d	native	cli	0.02	0	0.02	0.02	0.02	0.02	0	0.78125	0.78125	8008	33.941125497	8008	7984	8032	6359	6359	0.388122558594	0.388122558594			1
decompress	rosa	expert	rosaplus	decompress:rosa	65536	2	11	rate-ac	05fc5f44993ef0557959db76bf47e45badb2dd9c69d93ce08911935b5e52bf40	/home/theo/dev/infotheory-bench-bcb2c188/configs/bench/two.json	e596d7e9d03d5a82ac5785d9e3c63db62ffd9e15d18e952283fd22a4b3522a8d	native	cli	0.125	0.00707106781187	0.125	0.12	0.13	0.125	0	0.500801282051	0.500801282051	16414	93.3380951166	16414	16348	16480	22843	22843	0.348556518555	0.348556518555			1
decompress	rosa	expert	rosaplus	decompress:rosa	262144	2	11	rate-ac	0cdfd008d5327addbf5b118b4a8d616a8cc2971627727b10bfb20e97920881e7	/home/theo/dev/infotheory-bench-bcb2c188/configs/bench/two.json	e596d7e9d03d5a82ac5785d9e3c63db62ffd9e15d18e952283fd22a4b3522a8d	native	cli	0.71	0	0.71	0.71	0.71	0.69	0.01	0.352112676056	0.352112676056	46832	22.627416998	46832	46816	46848	80590	80590	0.307426452637	0.307426452637			1
decompress	rosa	expert	rosaplus	decompress:rosa	1048576	2	11	rate-ac	4fb5efa9f35df431737731bf3c8f38a467b69731940ff82a4ee0e218aae58834	/home/theo/dev/infotheory-bench-bcb2c188/configs/bench/two.json	e596d7e9d03d5a82ac5785d9e3c63db62ffd9e15d18e952283fd22a4b3522a8d	native	cli	3.91	0	3.91	3.91	3.91	3.85	0.045	0.255754475703	0.255754475703	146464	181.019335984	146464	146336	146592	306522	306522	0.292322158813	0.292322158813			1
decompress	rosa	expert	rosaplus	decompress:rosa	2097152	2	11	rate-ac	9dd214e64458c0c36f75a6100aed1a90a7b76ff9dfbb85dc032dea17a1963f50	/home/theo/dev/infotheory-bench-bcb2c188/configs/bench/two.json	e596d7e9d03d5a82ac5785d9e3c63db62ffd9e15d18e952283fd22a4b3522a8d	native	cli	9.445	0.0919238815543	9.445	9.38	9.51	9.305	0.125	0.211762279185	0.211762279185	278252	16.9705627485	278252	278240	278264	608681	608681	0.290241718292	0.290241718292			1
decompress	rosa	expert	rosaplus	decompress:rosa	4194304	2	11	rate-ac	5ba647fec2ba51b0383cbe7147e15a478d85613245b7131c41764dbdd5062f77	/home/theo/dev/infotheory-bench-bcb2c188/configs/bench/two.json	e596d7e9d03d5a82ac5785d9e3c63db62ffd9e15d18e952283fd22a4b3522a8d	native	cli	23.555	0.148492424049	23.555	23.45	23.66	23.285	0.245	0.169818700243	0.169818700243	536012	56.5685424949	536012	535972	536052	1199345	1199345	0.285946130753	0.285946130753			1
decompress	rosa	expert	rosaplus	decompress:rosa	10000000	2	11	rate-ac	5985c81c39d927ae0e169625790ca4d9e7d1531270c8b09ad73176a375bb3d97	/home/theo/dev/infotheory-bench-bcb2c188/configs/bench/two.json	e596d7e9d03d5a82ac5785d9e3c63db62ffd9e15d18e952283fd22a4b3522a8d	native	cli	74.38	0.480832611207	74.38	74.04	74.72	73.73	0.58	0.128219177735	0.128219177735	1262788	39.5979797464	1262788	1262760	1262816	2752778	2752778	0.2752778	0.2752778			1
decompress	rwkv7	expert	rwkv7	decompress:rwkv7	4096	2	11	rate-ac	652ed0541c8b9e2d8194c2a1cd20a3ea516efaa542082535c0ef57267e1ca49e	/home/theo/dev/infotheory-bench-bcb2c188/configs/bench/two.json	e596d7e9d03d5a82ac5785d9e3c63db62ffd9e15d18e952283fd22a4b3522a8d	native	cli	0.055	0.00707106781187	0.055	0.05	0.06	0.055	0	0.0716145833333	0.0716145833333	8336	50.9116882454	8336	8300	8372	3714	3714	0.90673828125	0.90673828125			1
decompress	rwkv7	expert	rwkv7	decompress:rwkv7	16384	2	11	rate-ac	f72f174851ed11ae77711d9c7d2df9e3c34666e09adadb61a1081ff54df0196f	/home/theo/dev/infotheory-bench-bcb2c188/configs/bench/two.json	e596d7e9d03d5a82ac5785d9e3c63db62ffd9e15d18e952283fd22a4b3522a8d	native	cli	0.21	0	0.21	0.21	0.21	0.21	0	0.0744047619048	0.0744047619048	8202	200.818325857	8202	8060	8344	12000	12000	0.732421875	0.732421875			1
decompress	rwkv7	expert	rwkv7	decompress:rwkv7	65536	2	11	rate-ac	05fc5f44993ef0557959db76bf47e45badb2dd9c69d93ce08911935b5e52bf40	/home/theo/dev/infotheory-bench-bcb2c188/configs/bench/two.json	e596d7e9d03d5a82ac5785d9e3c63db62ffd9e15d18e952283fd22a4b3522a8d	native	cli	0.855	0.00707106781187	0.855	0.85	0.86	0.85	0	0.0731019151847	0.0731019151847	8306	98.9949493661	8306	8236	8376	35340	35340	0.539245605469	0.539245605469			1
decompress	rwkv7	expert	rwkv7	decompress:rwkv7	262144	2	11	rate-ac	0cdfd008d5327addbf5b118b4a8d616a8cc2971627727b10bfb20e97920881e7	/home/theo/dev/infotheory-bench-bcb2c188/configs/bench/two.json	e596d7e9d03d5a82ac5785d9e3c63db62ffd9e15d18e952283fd22a4b3522a8d	native	cli	3.365	0.00707106781187	3.365	3.36	3.37	3.36	0	0.0742943690829	0.0742943690829	8514	104.651803616	8514	8440	8588	137010	137010	0.522651672363	0.522651672363			1
decompress	rwkv7	expert	rwkv7	decompress:rwkv7	1048576	2	11	rate-ac	4fb5efa9f35df431737731bf3c8f38a467b69731940ff82a4ee0e218aae58834	/home/theo/dev/infotheory-bench-bcb2c188/configs/bench/two.json	e596d7e9d03d5a82ac5785d9e3c63db62ffd9e15d18e952283fd22a4b3522a8d	native	cli	13.84	0.169705627485	13.84	13.72	13.96	13.825	0	0.0722597675992	0.0722597675992	9408	135.764501988	9408	9312	9504	474275	474275	0.452303886414	0.452303886414			1
decompress	rwkv7	expert	rwkv7	decompress:rwkv7	2097152	2	11	rate-ac	9dd214e64458c0c36f75a6100aed1a90a7b76ff9dfbb85dc032dea17a1963f50	/home/theo/dev/infotheory-bench-bcb2c188/configs/bench/two.json	e596d7e9d03d5a82ac5785d9e3c63db62ffd9e15d18e952283fd22a4b3522a8d	native	cli	28.195	0.0353553390593	28.195	28.17	28.22	28.175	0	0.0709346186349	0.0709346186349	10974	183.847763109	10974	10844	11104	917086	917086	0.437300682068	0.437300682068			1
decompress	rwkv7	expert	rwkv7	decompress:rwkv7	4194304	2	11	rate-ac	5ba647fec2ba51b0383cbe7147e15a478d85613245b7131c41764dbdd5062f77	/home/theo/dev/infotheory-bench-bcb2c188/configs/bench/two.json	e596d7e9d03d5a82ac5785d9e3c63db62ffd9e15d18e952283fd22a4b3522a8d	native	cli	56.595	0.374766594029	56.595	56.33	56.86	56.555	0	0.0706791713247	0.0706791713247	13716	107.48023074	13716	13640	13792	1748887	1748887	0.416967153549	0.416967153549			1
decompress	rwkv7	expert	rwkv7	decompress:rwkv7	10000000	2	11	rate-ac	5985c81c39d927ae0e169625790ca4d9e7d1531270c8b09ad73176a375bb3d97	/home/theo/dev/infotheory-bench-bcb2c188/configs/bench/two.json	e596d7e9d03d5a82ac5785d9e3c63db62ffd9e15d18e952283fd22a4b3522a8d	native	cli	137.065	0.841457069612	137.065	136.47	137.66	136.98	0	0.0695795635722	0.0695795635722	21600	90.5096679919	21600	21536	21664	3968645	3968645	0.3968645	0.3968645			1
