seg_len,alpha,gap,bayes_collapse,bayes_min_neff,bayes_min_entropy_bits,bayes_recover2,bayes_regret_bits,bayes_inertia_bits,bayes_inertia_seg2_bits,bayes_inertia_seg3_bits,bayes_inertia_boundary_max_bits,bayes_max_logodds_bits,bayes_delta_bpb_seg2,bayes_delta_bpb_seg3,bayes_oracle_adopt_seg2,bayes_oracle_adopt_seg3,bayes_predicted_time_seg2,bayes_predicted_time_seg3,fading_collapse,fading_min_neff,fading_min_entropy_bits,fading_recover2,fading_regret_bits,fading_inertia_bits,fading_inertia_seg2_bits,fading_inertia_seg3_bits,fading_inertia_boundary_max_bits,fading_max_logodds_bits,fading_delta_bpb_seg2,fading_delta_bpb_seg3,fading_oracle_adopt_seg2,fading_oracle_adopt_seg3,fading_predicted_time_seg2,fading_predicted_time_seg3,switch_excess_oracle_bits,switch_excess_viterbi_bits,switch_min_neff,switch_min_entropy_bits,switch_recover2,switch_inertia_bits,switch_inertia_seg2_bits,switch_inertia_seg3_bits,switch_inertia_boundary_max_bits,switch_max_logodds_bits,switch_delta_bpb_seg2,switch_delta_bpb_seg3,switch_oracle_adopt_seg2,switch_oracle_adopt_seg3,switch_predicted_time_seg2,switch_predicted_time_seg3,forward_vs_switch_max_diff
2000,1.0e-4,easy,2021,1.000000,0.000000,,2.584963,5.177075,42.148550,333.465285,333.465285,334.939564,-1.577163,-0.138390,80,,26.724289,2409.613691,2021,1.000000,0.000000,288,-279.464085,5.171156,20.496472,26.460599,26.460599,96.867860,-1.577163,-0.138390,63,293,12.995789,191.203777,-104.057265,-19.630448,1.000113,0.001003,42,4.783606,6.244778,0.735156,6.244778,15.981125,-1.577163,-0.138390,419,248,3.959502,5.312223,0.000e0
2000,1.0e-4,medium,2021,1.000000,0.000000,,2.584963,5.177075,42.148550,391.701661,391.701661,397.220258,-1.394640,-0.060742,110,,30.221807,6448.580436,2021,1.000000,0.000000,751,-107.154763,5.171156,20.496472,55.423482,55.423482,121.249571,-1.394640,-0.060742,63,1121,14.696602,912.436221,-147.271492,-30.093044,1.000574,0.004372,3,4.783606,6.244778,8.151716,8.151716,12.953134,-1.394640,-0.060742,97,369,4.477698,134.201612,0.000e0
2000,1.0e-4,hard,2027,1.000000,0.000000,,2.584963,3.697106,42.148550,704.309774,704.309774,681.492843,-1.099790,-0.023768,321,,38.324172,29632.739390,2027,1.000000,0.000000,,-26.242940,3.693785,20.496472,211.713443,211.713443,212.621278,-1.099790,-0.023768,96,,18.636711,8907.514129,-249.140078,-58.817171,1.000146,0.001202,3,4.388511,6.244778,13.392820,13.392820,15.031342,-1.099790,-0.023768,65,177,5.678154,563.482106,0.000e0
2000,3.0e-4,easy,2021,1.000000,0.000000,,2.584963,5.177075,42.148550,333.465285,333.465285,334.939564,-1.577163,-0.138390,80,,26.724289,2409.613691,2021,1.000000,0.000000,288,-279.464085,5.171156,20.496472,26.460599,26.460599,96.867860,-1.577163,-0.138390,63,293,12.995789,191.203777,-136.221289,-34.913411,1.000342,0.002767,21,4.687184,4.650762,0.490748,4.650762,14.394688,-1.577163,-0.138390,316,248,2.948816,3.546135,0.000e0
2000,3.0e-4,medium,2021,1.000000,0.000000,,2.584963,5.177075,42.148550,391.701661,391.701661,397.220258,-1.394640,-0.060742,110,,30.221807,6448.580436,2021,1.000000,0.000000,751,-107.154763,5.171156,20.496472,55.423482,55.423482,121.249571,-1.394640,-0.060742,63,1121,14.696602,912.436221,-193.496330,-50.739119,1.000746,0.005608,3,3.583031,4.650762,6.562452,6.562452,13.258610,-1.394640,-0.060742,97,369,3.334740,108.037573,0.000e0
2000,3.0e-4,hard,2027,1.000000,0.000000,,2.584963,3.697106,42.148550,704.309774,704.309774,681.492843,-1.099790,-0.023768,321,,38.324172,29632.739390,2027,1.000000,0.000000,,-26.242940,3.693785,20.496472,211.713443,211.713443,212.621278,-1.099790,-0.023768,96,,18.636711,8907.514129,-315.341418,-86.027633,1.000152,0.001313,3,5.188961,4.650762,11.807294,11.807294,15.068858,-1.099790,-0.023768,65,177,4.228772,496.773553,0.000e0
2000,1.0e-3,easy,2021,1.000000,0.000000,,2.584963,5.177075,42.148550,333.465285,333.465285,334.939564,-1.577163,-0.138390,80,,26.724289,2409.613691,2021,1.000000,0.000000,288,-279.464085,5.171156,20.496472,26.460599,26.460599,96.867860,-1.577163,-0.138390,63,293,12.995789,191.203777,-192.934678,-61.485385,1.001182,0.008519,18,4.676000,2.889103,0.299809,2.889103,12.652868,-1.577163,-0.138390,316,256,1.831836,2.166415,0.000e0
2000,1.0e-3,medium,2021,1.000000,0.000000,,2.584963,5.177075,42.148550,391.701661,391.701661,397.220258,-1.394640,-0.060742,110,,30.221807,6448.580436,2021,1.000000,0.000000,751,-107.154763,5.171156,20.496472,55.423482,55.423482,121.249571,-1.394640,-0.060742,63,1121,14.696602,912.436221,-271.920790,-83.200481,1.001018,0.007456,1,3.577363,2.889103,4.810739,4.810739,12.759326,-1.394640,-0.060742,97,369,2.071576,79.199140,0.000e0
2000,1.0e-3,hard,2027,1.000000,0.000000,,2.584963,3.697106,42.148550,704.309774,704.309774,681.492843,-1.099790,-0.023768,321,,38.324172,29632.739390,2027,1.000000,0.000000,,-26.242940,3.693785,20.496472,211.713443,211.713443,212.621278,-1.099790,-0.023768,96,,18.636711,8907.514129,-413.479490,-118.565192,1.000394,0.003157,1,6.925940,2.889103,10.068351,10.068351,14.336709,-1.099790,-0.023768,65,177,2.626959,423.610230,0.000e0
2000,3.0e-3,easy,2021,1.000000,0.000000,,2.584963,5.177075,42.148550,333.465285,333.465285,334.939564,-1.577163,-0.138390,80,,26.724289,2409.613691,2021,1.000000,0.000000,288,-279.464085,5.171156,20.496472,26.460599,26.460599,96.867860,-1.577163,-0.138390,63,293,12.995789,191.203777,-273.037040,-105.987325,1.001845,0.012409,18,4.644461,1.989408,0.258841,1.989408,11.491214,-0.042336,-0.138390,320,256,46.990408,1.870378,0.000e0
2000,3.0e-3,medium,2021,1.000000,0.000000,,2.584963,5.177075,42.148550,391.701661,391.701661,397.220258,-1.394640,-0.060742,110,,30.221807,6448.580436,2021,1.000000,0.000000,751,-107.154763,5.171156,20.496472,55.423482,55.423482,121.249571,-1.394640,-0.060742,63,1121,14.696602,912.436221,-368.508657,-123.108068,1.002400,0.016092,7,3.561038,1.989408,3.186416,3.186416,11.468542,-0.056283,-0.060742,97,1552,35.346474,52.457933,0.000e0
2000,3.0e-3,hard,2027,1.000000,0.000000,,2.584963,3.697106,42.148550,704.309774,704.309774,681.492843,-1.099790,-0.023768,321,,38.324172,29632.739390,2027,1.000000,0.000000,,-26.242940,3.693785,20.496472,211.713443,211.713443,212.621278,-1.099790,-0.023768,96,,18.636711,8907.514129,-531.809786,-167.385813,1.001159,0.008380,1,8.507245,1.989408,8.477691,8.477691,12.756448,-0.201285,-0.023768,89,177,9.883544,356.685693,0.000e0
2000,1.0e-2,easy,2021,1.000000,0.000000,,2.584963,5.177075,42.148550,333.465285,333.465285,334.939564,-1.577163,-0.138390,80,,26.724289,2409.613691,2021,1.000000,0.000000,288,-279.464085,5.171156,20.496472,26.460599,26.460599,96.867860,-1.577163,-0.138390,63,293,12.995789,191.203777,-386.513825,-184.663808,1.002730,0.017762,16,5.225773,1.845630,0.211642,1.845630,10.860015,-0.042336,-0.138390,959,477,43.594330,1.529320,0.000e0
2000,1.0e-2,medium,2021,1.000000,0.000000,,2.584963,5.177075,42.148550,391.701661,391.701661,397.220258,-1.394640,-0.060742,110,,30.221807,6448.580436,2021,1.000000,0.000000,751,-107.154763,5.171156,20.496472,55.423482,55.423482,121.249571,-1.394640,-0.060742,63,1121,14.696602,912.436221,-500.422090,-205.290923,1.005525,0.029242,5,5.225773,1.845630,1.349446,1.845630,8.973824,-0.056283,-0.060742,97,1635,32.791924,22.215920,0.000e0
2000,1.0e-2,hard,2027,1.000000,0.000000,,2.584963,3.697106,42.148550,704.309774,704.309774,681.492843,-1.099790,-0.023768,321,,38.324172,29632.739390,2027,1.000000,0.000000,,-26.242940,3.693785,20.496472,211.713443,211.713443,212.621278,-1.099790,-0.023768,96,,18.636711,8907.514129,-696.635794,-264.627201,1.002723,0.016360,1,6.325398,1.845630,6.719842,6.719842,10.905840,-0.201285,-0.023768,127,177,9.169244,282.726892,0.000e0
5000,1.0e-4,easy,5021,1.000000,0.000000,4979,2.584206,4.656293,100.232343,872.745484,872.745484,874.358867,-1.606808,-0.176728,188,4980,62.379801,4938.342945,5021,1.000000,0.000000,277,-946.752091,4.653784,13.423806,22.382596,22.382596,79.773229,-1.606808,-0.176728,68,285,8.354333,126.649678,-268.834003,-40.599749,1.000012,0.000117,3,4.657154,6.564094,9.294949,9.294949,17.716244,-1.606808,-0.020137,419,248,4.085177,461.578877,0.000e0
5000,1.0e-4,medium,5021,1.000000,0.000000,,2.584963,4.656293,100.232343,976.225689,976.225689,985.369544,-1.467751,-0.101139,212,,68.289755,9652.316761,5021,1.000000,0.000000,357,-569.693189,4.653784,13.423806,33.660626,33.660626,114.365830,-1.467751,-0.101139,68,359,9.145835,332.815482,-276.431300,-66.768577,1.000179,0.001503,45,4.657154,6.564094,2.946627,6.564094,14.696391,-1.467751,-0.009836,97,369,4.472213,299.571703,0.000e0
5000,1.0e-4,hard,5031,1.000000,0.000000,,2.584963,3.901384,100.232343,,100.232343,inf,-1.273895,-0.018638,393,,78.681767,,5031,1.000000,0.000000,1936,-139.787579,3.894268,13.423806,160.057834,160.057834,211.888814,-1.273895,-0.018638,93,1992,10.537604,8587.869469,-488.323056,-85.907677,1.000016,0.000152,1,3.901433,6.564094,9.010908,9.010908,17.304765,-1.273895,-0.018638,65,177,5.152773,483.478374,0.000e0
5000,3.0e-4,easy,5021,1.000000,0.000000,4979,2.584206,4.656293,100.232343,872.745484,872.745484,874.358867,-1.606808,-0.176728,188,4980,62.379801,4938.342945,5021,1.000000,0.000000,277,-946.752091,4.653784,13.423806,22.382596,22.382596,79.773229,-1.606808,-0.176728,68,285,8.354333,126.649678,-344.771497,-71.465097,1.000015,0.000149,3,4.658391,4.985434,7.322980,7.322980,17.569266,-1.606808,-0.020137,419,248,3.102695,363.652671,0.000e0
5000,3.0e-4,medium,5021,1.000000,0.000000,,2.584963,4.656293,100.232343,976.225689,976.225689,985.369544,-1.467751,-0.101139,212,,68.289755,9652.316761,5021,1.000000,0.000000,357,-569.693189,4.653784,13.423806,33.660626,33.660626,114.365830,-1.467751,-0.101139,68,359,9.145835,332.815482,-370.945429,-104.430140,1.000538,0.004092,44,4.658391,4.985434,2.574706,4.985434,13.106647,-1.467751,-0.009836,97,369,3.396649,261.760035,0.000e0
5000,3.0e-4,hard,5031,1.000000,0.000000,,2.584963,3.901384,100.232343,,100.232343,inf,-1.273895,-0.018638,393,,78.681767,,5031,1.000000,0.000000,1936,-139.787579,3.894268,13.423806,160.057834,160.057834,211.888814,-1.273895,-0.018638,93,1992,10.537604,8587.869469,-582.830730,-121.771857,1.000049,0.000428,1,3.898039,4.985434,8.473015,8.473015,15.678172,-1.273895,-0.018638,65,177,3.913535,454.617843,0.000e0
5000,1.0e-3,easy,5021,1.000000,0.000000,4979,2.584206,4.656293,100.232343,872.745484,872.745484,874.358867,-1.606808,-0.176728,188,4980,62.379801,4938.342945,5021,1.000000,0.000000,277,-946.752091,4.653784,13.423806,22.382596,22.382596,79.773229,-1.606808,-0.176728,68,285,8.354333,126.649678,-475.772985,-130.843640,1.000027,0.000265,1,3.635413,3.277814,6.454510,6.454510,17.147822,-1.606808,-0.020137,317,254,2.039954,320.525223,0.000e0
5000,1.0e-3,medium,5021,1.000000,0.000000,,2.584963,4.656293,100.232343,976.225689,976.225689,985.369544,-1.467751,-0.101139,212,,68.289755,9652.316761,5021,1.000000,0.000000,357,-569.693189,4.653784,13.423806,33.660626,33.660626,114.365830,-1.467751,-0.101139,68,359,9.145835,332.815482,-528.371108,-172.815356,1.001447,0.008865,36,3.642146,3.277814,1.727673,3.277814,11.691959,-1.467751,-0.009836,97,369,2.233223,175.645535,0.000e0
5000,1.0e-3,hard,5031,1.000000,0.000000,,2.584963,3.901384,100.232343,,100.232343,inf,-1.273895,-0.018638,393,,78.681767,,5031,1.000000,0.000000,1936,-139.787579,3.894268,13.423806,160.057834,160.057834,211.888814,-1.273895,-0.018638,93,1992,10.537604,8587.869469,-743.801115,-196.749726,1.000167,0.001316,1,5.141511,3.277814,8.307415,8.307415,13.994066,-1.273895,-0.018638,65,177,2.573064,445.732604,0.000e0
5000,3.0e-3,easy,5021,1.000000,0.000000,4979,2.584206,4.656293,100.232343,872.745484,872.745484,874.358867,-1.606808,-0.176728,188,4980,62.379801,4938.342945,5021,1.000000,0.000000,277,-946.752091,4.653784,13.423806,22.382596,22.382596,79.773229,-1.606808,-0.176728,68,285,8.354333,126.649678,-648.773787,-216.446032,1.000062,0.000578,1,3.613621,1.802189,5.797631,5.797631,16.360886,-1.606808,-0.020137,320,256,1.121596,287.905179,0.000e0
5000,3.0e-3,medium,5021,1.000000,0.000000,,2.584963,4.656293,100.232343,976.225689,976.225689,985.369544,-1.467751,-0.101139,212,,68.289755,9652.316761,5021,1.000000,0.000000,357,-569.693189,4.653784,13.423806,33.660626,33.660626,114.365830,-1.467751,-0.101139,68,359,9.145835,332.815482,-736.252577,-272.680052,1.001638,0.010028,7,3.621654,1.802189,0.545492,1.802189,10.618691,-1.467751,-0.009836,97,369,1.227858,55.457957,0.000e0
5000,3.0e-3,hard,5031,1.000000,0.000000,,2.584963,3.901384,100.232343,,100.232343,inf,-1.273895,-0.018638,393,,78.681767,,5031,1.000000,0.000000,1936,-139.787579,3.894268,13.423806,160.057834,160.057834,211.888814,-1.273895,-0.018638,93,1992,10.537604,8587.869469,-957.766673,-316.366241,1.000494,0.003505,21,6.722578,1.802189,8.035895,8.035895,12.425165,-1.273895,-0.018638,70,177,1.414707,431.164277,0.000e0
5000,1.0e-2,easy,5021,1.000000,0.000000,4979,2.584206,4.656293,100.232343,872.745484,872.745484,874.358867,-1.606808,-0.176728,188,4980,62.379801,4938.342945,5021,1.000000,0.000000,277,-946.752091,4.653784,13.423806,22.382596,22.382596,79.773229,-1.606808,-0.176728,68,285,8.354333,126.649678,-883.545557,-397.595594,1.000187,0.001589,1,3.539337,0.507118,4.633539,4.633539,15.049005,-1.606808,-0.020137,959,256,0.315606,230.097411,0.000e0
5000,1.0e-2,medium,5021,1.000000,0.000000,,2.584963,4.656293,100.232343,976.225689,976.225689,985.369544,-1.467751,-0.101139,212,,68.289755,9652.316761,5021,1.000000,0.000000,357,-569.693189,4.653784,13.423806,33.660626,33.660626,114.365830,-1.467751,-0.101139,68,359,9.145835,332.815482,-1031.109293,-473.468588,1.002270,0.012855,6,3.562385,0.507118,0.000000,0.507118,10.063593,-1.467751,0.000000,97,1635,0.345507,,0.000e0
5000,1.0e-2,hard,5031,1.000000,0.000000,,2.584963,3.901384,100.232343,,100.232343,inf,-1.273895,-0.018638,393,,78.681767,,5031,1.000000,0.000000,1936,-139.787579,3.894268,13.423806,160.057834,160.057834,211.888814,-1.273895,-0.018638,93,1992,10.537604,8587.869469,-1272.505048,-535.309196,1.001081,0.007231,18,5.333691,0.507118,7.194967,7.194967,11.546803,-1.273895,-0.018638,127,177,0.398084,386.044416,0.000e0
10000,1.0e-4,easy,10027,1.000000,0.000000,5670,2.584963,4.010878,136.471664,,136.471664,inf,-1.647508,-0.204373,189,5670,82.835218,,10027,1.000000,0.000000,,-1406.696787,4.008800,0.325516,0.741483,0.741483,62.263538,-0.665291,-0.204373,54,26,0.489284,3.628077,-534.946515,-98.101894,1.000011,0.000116,3,3.516705,1.515769,0.000000,1.515769,18.377820,-1.647508,0.000000,434,1,0.920038,,0.000e0
10000,1.0e-4,medium,10027,1.000000,0.000000,,2.584963,4.010878,136.471664,,136.471664,inf,-1.556274,-0.113184,214,,87.691257,,10027,1.000000,0.000000,58,-1267.307082,4.008800,0.325516,10.800914,10.800914,76.408118,-0.653337,-0.113184,54,67,0.498236,95.428117,-524.300753,-126.246664,1.000069,0.000595,3,3.773014,1.515769,5.308932,5.308932,16.177731,-1.556274,-0.113184,97,369,0.973973,46.905419,0.000e0
10000,1.0e-4,hard,10033,1.000000,0.000000,,2.584963,3.568483,136.471664,,136.471664,inf,-1.391620,-0.025637,356,,98.066789,,10033,1.000000,0.000000,1871,-357.836730,3.567549,0.325516,146.654059,146.654059,214.329290,-0.605108,-0.025637,63,1936,0.537947,5720.324253,-938.632629,-175.718570,1.000006,0.000062,3,7.349905,1.515769,4.685506,4.685506,20.292786,-1.391620,-0.025637,65,7234,1.089212,182.760787,0.000e0
10000,3.0e-4,easy,10027,1.000000,0.000000,5670,2.584963,4.010878,136.471664,,136.471664,inf,-1.647508,-0.204373,189,5670,82.835218,,10027,1.000000,0.000000,,-1406.696787,4.008800,0.325516,0.741483,0.741483,62.263538,-0.665291,-0.204373,54,26,0.489284,3.628077,-702.529298,-163.541459,1.000014,0.000145,3,3.514833,0.090917,0.000000,0.090917,18.180761,-1.647508,0.000000,419,1,0.055185,,0.000e0
10000,3.0e-4,medium,10027,1.000000,0.000000,,2.584963,4.010878,136.471664,,136.471664,inf,-1.556274,-0.113184,214,,87.691257,,10027,1.000000,0.000000,58,-1267.307082,4.008800,0.325516,10.800914,10.800914,76.408118,-0.653337,-0.113184,54,67,0.498236,95.428117,-695.157146,-185.838653,1.000205,0.001613,3,3.770121,0.090917,3.717983,3.717983,14.013457,-1.556274,-0.113184,97,369,0.058420,32.849084,0.000e0
10000,3.0e-4,hard,10033,1.000000,0.000000,,2.584963,3.568483,136.471664,,136.471664,inf,-1.391620,-0.025637,356,,98.066789,,10033,1.000000,0.000000,1871,-357.836730,3.567549,0.325516,146.654059,146.654059,214.329290,-0.605108,-0.025637,63,1936,0.537947,5720.324253,-1131.747667,-240.165257,1.000018,0.000184,3,4.861367,0.090917,4.656807,4.656807,18.407167,-1.391620,-0.025637,65,7234,0.065332,181.641376,0.000e0
10000,1.0e-3,easy,10027,1.000000,0.000000,5670,2.584963,4.010878,136.471664,,136.471664,inf,-1.647508,-0.204373,189,5670,82.835218,,10027,1.000000,0.000000,,-1406.696787,4.008800,0.325516,0.741483,0.741483,62.263538,-0.665291,-0.204373,54,26,0.489284,3.628077,-978.330749,-275.846267,1.000026,0.000253,3,3.508296,0.000000,0.000000,0.000000,17.647493,0.000000,0.000000,320,1,,,0.000e0
10000,1.0e-3,medium,10027,1.000000,0.000000,,2.584963,4.010878,136.471664,,136.471664,inf,-1.556274,-0.113184,214,,87.691257,,10027,1.000000,0.000000,58,-1267.307082,4.008800,0.325516,10.800914,10.800914,76.408118,-0.653337,-0.113184,54,67,0.498236,95.428117,-969.731701,-297.414713,1.000494,0.003335,24,4.861307,0.000000,1.966027,1.966027,12.411464,0.000000,-0.113184,97,369,,17.370223,0.000e0
10000,1.0e-3,hard,10033,1.000000,0.000000,,2.584963,3.568483,136.471664,,136.471664,inf,-1.391620,-0.025637,356,,98.066789,,10033,1.000000,0.000000,1871,-357.836730,3.567549,0.325516,146.654059,146.654059,214.329290,-0.605108,-0.025637,63,1936,0.537947,5720.324253,-1436.118528,-364.407148,1.000065,0.000561,3,4.073682,0.000000,4.576001,4.576001,16.093412,0.000000,-0.025637,65,7234,,178.489490,0.000e0
10000,3.0e-3,easy,10027,1.000000,0.000000,5670,2.584963,4.010878,136.471664,,136.471664,inf,-1.647508,-0.204373,189,5670,82.835218,,10027,1.000000,0.000000,,-1406.696787,4.008800,0.325516,0.741483,0.741483,62.263538,-0.665291,-0.204373,54,26,0.489284,3.628077,-1321.002520,-437.835890,1.000059,0.000546,20,3.489741,0.000000,0.000000,0.000000,16.589098,0.000000,0.000000,321,1,,,0.000e0
10000,3.0e-3,medium,10027,1.000000,0.000000,,2.584963,4.010878,136.471664,,136.471664,inf,-1.556274,-0.113184,214,,87.691257,,10027,1.000000,0.000000,58,-1267.307082,4.008800,0.325516,10.800914,10.800914,76.408118,-0.653337,-0.113184,54,67,0.498236,95.428117,-1322.487765,-476.368104,1.000505,0.003402,7,6.451954,0.000000,0.390353,0.390353,11.967570,0.000000,-0.113184,97,369,,3.448847,0.000e0
10000,3.0e-3,hard,10033,1.000000,0.000000,,2.584963,3.568483,136.471664,,136.471664,inf,-1.391620,-0.025637,356,,98.066789,,10033,1.000000,0.000000,1871,-357.836730,3.567549,0.325516,146.654059,146.654059,214.329290,-0.605108,-0.025637,63,1936,0.537947,5720.324253,-1817.811547,-560.389583,1.000165,0.001324,25,5.654762,0.000000,4.359993,4.359993,14.264776,0.000000,-0.025637,70,7234,,170.063997,0.000e0
10000,1.0e-2,easy,10027,1.000000,0.000000,5670,2.584963,4.010878,136.471664,,136.471664,inf,-1.647508,-0.204373,189,5670,82.835218,,10027,1.000000,0.000000,,-1406.696787,4.008800,0.325516,0.741483,0.741483,62.263538,-0.665291,-0.204373,54,26,0.489284,3.628077,-1748.410584,-750.157963,1.000174,0.001492,18,3.426178,0.000000,0.000000,0.000000,15.053552,0.000000,0.000000,959,256,,,0.000e0
10000,1.0e-2,medium,10027,1.000000,0.000000,,2.584963,4.010878,136.471664,,136.471664,inf,-1.556274,-0.113184,214,,87.691257,,10027,1.000000,0.000000,58,-1267.307082,4.008800,0.325516,10.800914,10.800914,76.408118,-0.653337,-0.113184,54,67,0.498236,95.428117,-1823.209998,-870.137299,1.000546,0.003659,6,6.463559,0.000000,0.000000,0.000000,11.861870,0.000000,0.000000,97,1635,,,0.000e0
10000,1.0e-2,hard,10033,1.000000,0.000000,,2.584963,3.568483,136.471664,,136.471664,inf,-1.391620,-0.025637,356,,98.066789,,10033,1.000000,0.000000,1871,-357.836730,3.567549,0.325516,146.654059,146.654059,214.329290,-0.605108,-0.025637,63,1936,0.537947,5720.324253,-2365.892332,-975.928996,1.000427,0.003142,9,4.628484,0.000000,3.734691,3.734691,13.165387,0.000000,-0.025637,127,7234,,145.673734,0.000e0
20000,1.0e-4,easy,20021,1.000000,0.000000,9160,2.584963,5.008006,,,,inf,-1.701211,-0.224079,,9160,,,20021,1.000000,0.000000,,-2284.234636,5.001671,85.701151,0.000000,85.701151,53.572925,-1.701211,0.000000,6333,1,50.376565,,-880.991699,-178.059230,1.000010,0.000105,3,5.012477,9.191464,0.000000,9.191464,18.669348,-1.701211,0.000000,147,1,5.402896,,0.000e0
20000,1.0e-4,medium,20021,1.000000,0.000000,,2.584963,5.008006,196.642380,,196.642380,inf,-1.632729,-0.119599,264,,120.437838,,20021,1.000000,0.000000,357,-2563.929840,5.001671,10.284833,43.858326,43.858326,74.618717,-1.632729,-0.119599,63,359,6.299166,366.712350,-1028.826561,-216.517571,1.000022,0.000217,3,5.012477,5.726124,6.972049,6.972049,17.339886,-1.632729,-0.119599,97,369,3.507088,58.295347,0.000e0
20000,1.0e-4,hard,20033,1.000000,0.000000,,2.584963,5.785559,196.642380,,196.642380,inf,-1.457720,-0.028564,434,,134.897178,,20033,1.000000,0.000000,2850,-723.171238,5.770956,10.284833,367.768077,367.768077,481.298515,-1.457720,-0.028564,87,2900,7.055422,12875.379195,-1784.378220,-352.066033,1.000003,0.000035,3,6.667030,5.726124,11.339445,11.339445,21.190179,-1.457720,-0.028564,65,7234,3.928136,396.988392,0.000e0
20000,3.0e-4,easy,20021,1.000000,0.000000,9160,2.584963,5.008006,,,,inf,-1.701211,-0.224079,,9160,,,20021,1.000000,0.000000,,-2284.234636,5.001671,85.701151,0.000000,85.701151,53.572925,-1.701211,0.000000,6333,1,50.376565,,-1181.687844,-281.472242,1.000013,0.000135,3,5.015289,7.578447,0.000000,7.578447,18.441776,-1.701211,0.000000,147,1,4.454738,,0.000e0
20000,3.0e-4,medium,20021,1.000000,0.000000,,2.584963,5.008006,196.642380,,196.642380,inf,-1.632729,-0.119599,264,,120.437838,,20021,1.000000,0.000000,357,-2563.929840,5.001671,10.284833,43.858326,43.858326,74.618717,-1.632729,-0.119599,63,359,6.299166,366.712350,-1325.752093,-314.588033,1.000089,0.000780,3,5.015289,4.149629,5.343182,5.343182,15.508677,-1.632729,-0.119599,97,369,2.541529,44.675916,0.000e0
20000,3.0e-4,hard,20033,1.000000,0.000000,,2.584963,5.785559,196.642380,,196.642380,inf,-1.457720,-0.028564,434,,134.897178,,20033,1.000000,0.000000,2850,-723.171238,5.770956,10.284833,367.768077,367.768077,481.298515,-1.457720,-0.028564,87,2900,7.055422,12875.379195,-2160.334307,-470.140402,1.000010,0.000106,3,5.432049,4.149629,9.660662,9.660662,19.212768,-1.457720,-0.028564,65,7234,2.846656,338.215016,0.000e0
20000,1.0e-3,easy,20021,1.000000,0.000000,9160,2.584963,5.008006,,,,inf,-1.701211,-0.224079,,9160,,,20021,1.000000,0.000000,,-2284.234636,5.001671,85.701151,0.000000,85.701151,53.572925,-1.701211,0.000000,6333,1,50.376565,,-1670.945486,-476.903773,1.000025,0.000242,3,5.011266,5.757378,0.000000,5.757378,17.662228,-1.701211,0.000000,147,1,3.384282,,0.000e0
20000,1.0e-3,medium,20021,1.000000,0.000000,,2.584963,5.008006,196.642380,,196.642380,inf,-1.632729,-0.119599,264,,120.437838,,20021,1.000000,0.000000,357,-2563.929840,5.001671,10.284833,43.858326,43.858326,74.618717,-1.632729,-0.119599,63,359,6.299166,366.712350,-1796.798917,-511.592686,1.000155,0.001174,7,5.011266,2.456460,3.359053,3.359053,14.380843,-1.632729,-0.119599,97,369,1.504512,28.086030,0.000e0
20000,1.0e-3,hard,20033,1.000000,0.000000,,2.584963,5.785559,196.642380,,196.642380,inf,-1.457720,-0.028564,434,,134.897178,,20033,1.000000,0.000000,2850,-723.171238,5.770956,10.284833,367.768077,367.768077,481.298515,-1.457720,-0.028564,87,2900,7.055422,12875.379195,-2731.512083,-691.426372,1.000029,0.000266,3,4.480489,2.456460,7.656172,7.656172,16.858317,-1.457720,-0.028564,65,7234,1.685138,268.038796,0.000e0
20000,3.0e-3,easy,20021,1.000000,0.000000,9160,2.584963,5.008006,,,,inf,-1.701211,-0.224079,,9160,,,20021,1.000000,0.000000,,-2284.234636,5.001671,85.701151,0.000000,85.701151,53.572925,-1.701211,0.000000,6333,1,50.376565,,-2273.748118,-773.289550,1.000057,0.000532,1,5.503116,3.994447,0.000000,3.994447,16.527510,-1.701211,0.000000,147,1,2.348003,,0.000e0
20000,3.0e-3,medium,20021,1.000000,0.000000,,2.584963,5.008006,196.642380,,196.642380,inf,-1.632729,-0.119599,264,,120.437838,,20021,1.000000,0.000000,357,-2563.929840,5.001671,10.284833,43.858326,43.858326,74.618717,-1.632729,-0.119599,63,359,6.299166,366.712350,-2398.610611,-834.897367,1.000162,0.001224,6,5.503116,1.053785,1.075302,1.075302,14.189435,-1.632729,-0.119599,97,369,0.645413,8.990918,0.000e0
20000,3.0e-3,hard,20033,1.000000,0.000000,,2.584963,5.785559,196.642380,,196.642380,inf,-1.457720,-0.028564,434,,134.897178,,20033,1.000000,0.000000,2850,-723.171238,5.770956,10.284833,367.768077,367.768077,481.298515,-1.457720,-0.028564,87,2900,7.055422,12875.379195,-3439.866970,-1048.225649,1.000065,0.000564,1,5.503116,1.053785,5.765655,5.765655,15.823431,-1.457720,-0.028564,70,7234,0.722899,201.852757,0.000e0
20000,1.0e-2,easy,20021,1.000000,0.000000,9160,2.584963,5.008006,,,,inf,-1.701211,-0.224079,,9160,,,20021,1.000000,0.000000,,-2284.234636,5.001671,85.701151,0.000000,85.701151,53.572925,-1.701211,0.000000,6333,1,50.376565,,-3012.896671,-1359.021715,1.000172,0.001469,5,5.148306,2.085522,0.000000,2.085522,14.980890,-1.701211,0.000000,147,1,1.225904,,0.000e0
20000,1.0e-2,medium,20021,1.000000,0.000000,,2.584963,5.008006,196.642380,,196.642380,inf,-1.632729,-0.119599,264,,120.437838,,20021,1.000000,0.000000,357,-2563.929840,5.001671,10.284833,43.858326,43.858326,74.618717,-1.632729,-0.119599,63,359,6.299166,366.712350,-3241.814818,-1567.838253,1.000187,0.001402,5,5.148306,0.191775,0.000000,0.191775,13.412782,-1.632729,0.000000,97,1635,0.117457,,0.000e0
20000,1.0e-2,hard,20033,1.000000,0.000000,,2.584963,5.785559,196.642380,,196.642380,inf,-1.457720,-0.028564,434,,134.897178,,20033,1.000000,0.000000,2850,-723.171238,5.770956,10.284833,367.768077,367.768077,481.298515,-1.457720,-0.028564,87,2900,7.055422,12875.379195,-4443.692436,-1842.626921,1.000193,0.001525,19,5.148306,0.191775,4.211088,4.211088,14.289875,-1.457720,-0.028564,127,7234,0.131558,147.428105,0.000e0
50000,1.0e-4,easy,50021,1.000000,0.000000,17392,2.584963,5.574089,,,,inf,-1.744325,-0.247650,,17427,,,50021,1.000000,0.000000,,-5010.307499,5.562767,67.565314,0.000000,67.565314,49.783061,-1.744325,0.000000,6333,1,38.734364,,-1908.482221,-397.016802,1.000012,0.000124,3,5.582003,10.178638,0.000000,10.178638,18.885981,-1.744325,0.000000,147,1,5.835288,,0.000e0
50000,1.0e-4,medium,50021,1.000000,0.000000,,2.584963,5.574089,377.522174,,377.522174,inf,-1.685356,-0.121203,395,,224.001478,,50021,1.000000,0.000000,751,-6433.219895,5.562767,0.416083,88.899727,88.899727,140.221060,-1.685356,-0.121203,60,751,0.246882,733.478360,-1933.644701,-456.563118,1.000007,0.000076,33,5.582003,1.909634,2.112866,2.112866,19.364478,-1.685356,-0.121203,97,369,1.133075,17.432469,0.000e0
50000,1.0e-4,hard,50033,1.000000,0.000000,,2.584963,6.019605,377.522174,,377.522174,inf,-1.509060,-0.026642,590,,250.170368,,50033,1.000000,0.000000,2535,-1735.498504,6.000007,0.416083,288.131220,288.131220,555.113539,-1.509060,-0.026642,69,2573,0.275723,10814.948851,-3756.080592,-835.250900,1.000001,0.000015,1,5.829482,1.909634,9.715687,9.715687,22.652789,-1.509060,-0.026642,65,7234,1.265446,364.676413,0.000e0
50000,3.0e-4,easy,50021,1.000000,0.000000,17392,2.584963,5.574089,,,,inf,-1.744325,-0.247650,,17427,,,50021,1.000000,0.000000,,-5010.307499,5.562767,67.565314,0.000000,67.565314,49.783061,-1.744325,0.000000,6333,1,38.734364,,-2624.178593,-641.618444,1.000016,0.000156,3,5.581880,8.354870,0.000000,8.354870,17.774358,-1.744325,0.000000,147,1,4.789744,,0.000e0
50000,3.0e-4,medium,50021,1.000000,0.000000,,2.584963,5.574089,377.522174,,377.522174,inf,-1.685356,-0.121203,395,,224.001478,,50021,1.000000,0.000000,751,-6433.219895,5.562767,0.416083,88.899727,88.899727,140.221060,-1.685356,-0.121203,60,751,0.246882,733.478360,-2560.640986,-670.962995,1.000016,0.000162,31,5.581880,0.560212,0.000000,0.560212,18.905599,-1.685356,0.000000,97,1,0.332400,,0.000e0
50000,3.0e-4,hard,50033,1.000000,0.000000,,2.584963,6.019605,377.522174,,377.522174,inf,-1.509060,-0.026642,590,,250.170368,,50033,1.000000,0.000000,2535,-1735.498504,6.000007,0.416083,288.131220,288.131220,555.113539,-1.509060,-0.026642,69,2573,0.275723,10814.948851,-4701.856091,-1145.929919,1.000003,0.000035,42,5.263378,0.560212,6.691097,6.691097,21.032742,-1.509060,-0.026642,65,7234,0.371232,251.148997,0.000e0
50000,1.0e-3,easy,50021,1.000000,0.000000,17392,2.584963,5.574089,,,,inf,-1.744325,-0.247650,,17427,,,50021,1.000000,0.000000,,-5010.307499,5.562767,67.565314,0.000000,67.565314,49.783061,-1.744325,0.000000,6333,1,38.734364,,-3759.388254,-1075.189174,1.000028,0.000271,23,5.574180,6.463965,0.000000,6.463965,17.104130,-0.007241,0.000000,147,1,892.714777,,0.000e0
50000,1.0e-3,medium,50021,1.000000,0.000000,,2.584963,5.574089,377.522174,,377.522174,inf,-1.685356,-0.121203,395,,224.001478,,50021,1.000000,0.000000,751,-6433.219895,5.562767,0.416083,88.899727,88.899727,140.221060,-1.685356,-0.121203,60,751,0.246882,733.478360,-3537.602839,-1087.616119,1.000020,0.000180,24,5.574180,0.000000,0.000000,0.000000,17.183552,0.000000,0.000000,97,1,,,0.000e0
50000,1.0e-3,hard,50033,1.000000,0.000000,,2.584963,6.019605,377.522174,,377.522174,inf,-1.509060,-0.026642,590,,250.170368,,50033,1.000000,0.000000,2535,-1735.498504,6.000007,0.416083,288.131220,288.131220,555.113539,-1.509060,-0.026642,69,2573,0.275723,10814.948851,-6129.916094,-1711.209671,1.000008,0.000083,35,4.683042,0.000000,3.392113,3.392113,19.308369,0.000000,-0.026642,65,7234,,127.322305,0.000e0
50000,3.0e-3,easy,50021,1.000000,0.000000,17392,2.584963,5.574089,,,,inf,-1.744325,-0.247650,,17427,,,50021,1.000000,0.000000,,-5010.307499,5.562767,67.565314,0.000000,67.565314,49.783061,-1.744325,0.000000,6333,1,38.734364,,-5116.736726,-1726.697394,1.000063,0.000581,20,5.503116,4.993618,0.000000,4.993618,16.058487,-0.737990,0.000000,147,1,6.766514,,0.000e0
50000,3.0e-3,medium,50021,1.000000,0.000000,,2.584963,5.574089,377.522174,,377.522174,inf,-1.685356,-0.121203,395,,224.001478,,50021,1.000000,0.000000,751,-6433.219895,5.562767,0.416083,88.899727,88.899727,140.221060,-1.685356,-0.121203,60,751,0.246882,733.478360,-4777.867524,-1809.481467,1.000023,0.000204,22,5.503116,0.282903,0.000000,0.282903,16.466376,-0.750292,0.000000,97,1,0.377057,,0.000e0
50000,3.0e-3,hard,50033,1.000000,0.000000,,2.584963,6.019605,377.522174,,377.522174,inf,-1.509060,-0.026642,590,,250.170368,,50033,1.000000,0.000000,2535,-1735.498504,6.000007,0.416083,288.131220,288.131220,555.113539,-1.509060,-0.026642,69,2573,0.275723,10814.948851,-7865.109072,-2553.254242,1.000022,0.000212,33,5.503116,0.282903,1.045842,1.045842,17.842881,-0.703809,-0.026642,70,7234,0.401959,39.255464,0.000e0
50000,1.0e-2,easy,50021,1.000000,0.000000,17392,2.584963,5.574089,,,,inf,-1.744325,-0.247650,,17427,,,50021,1.000000,0.000000,,-5010.307499,5.562767,67.565314,0.000000,67.565314,49.783061,-1.744325,0.000000,6333,1,38.734364,,-6731.562429,-3111.834904,1.000188,0.001585,5,5.148306,3.275662,0.000000,3.275662,14.563472,-0.737990,0.000000,147,1,4.438629,,0.000e0
50000,1.0e-2,medium,50021,1.000000,0.000000,,2.584963,5.574089,377.522174,,377.522174,inf,-1.685356,-0.121203,395,,224.001478,,50021,1.000000,0.000000,751,-6433.219895,5.562767,0.416083,88.899727,88.899727,140.221060,-1.685356,-0.121203,60,751,0.246882,733.478360,-6553.779525,-3599.181696,1.000033,0.000288,2,5.148306,0.013196,0.000000,0.013196,15.958865,-0.750292,0.000000,97,1635,0.017588,,0.000e0
50000,1.0e-2,hard,50033,1.000000,0.000000,,2.584963,6.019605,377.522174,,377.522174,inf,-1.509060,-0.026642,590,,250.170368,,50033,1.000000,0.000000,2535,-1735.498504,6.000007,0.416083,288.131220,288.131220,555.113539,-1.509060,-0.026642,69,2573,0.275723,10814.948851,-10237.739370,-4400.230655,1.000073,0.000625,6,5.148306,0.013196,0.150414,0.150414,15.906312,-0.703809,-0.026642,127,7234,0.018750,5.645775,0.000e0
